authors,publication_year,title,journal,doi,affiliations
DOUGHERTY LR,2021,META-ANALYSIS SHOWS THE EVIDENCE FOR CONTEXT-DEPENDENT MATING BEHAVIOUR IS INCONSISTENT OR WEAK ACROSS ANIMALS,ECOLOGY LETTERS,10.1111/ELE.13679,"INSTITUTE OF INTEGRATIVE BIOLOGY, UNIVERSITY OF LIVERPOOL, LIVERPOOL, L69 7RB, UNITED KINGDOM"
WINTERNITZ J;ABBATE JL;HUCHARD E;HAVLÍČEK J;GARAMSZEGI LZ,2017,PATTERNS OF MHC-DEPENDENT MATE SELECTION IN HUMANS AND NONHUMAN PRIMATES: A META-ANALYSIS,MOLECULAR ECOLOGY,10.1111/MEC.13920,"DEPARTMENT OF EVOLUTIONARY ECOLOGY, MAX PLANCK INSTITUTE FOR EVOLUTIONARY BIOLOGY, AUGUST-THIENEMANN-STRASSE 2, PLOEN, 24306, GERMANY; INSTITUTE OF VERTEBRATE BIOLOGY, CZECH ACADEMY OF SCIENCES, V.V.I., KVĚTNÁ 8, BRNO, 603 65, CZECH REPUBLIC; INSTITUTE OF BOTANY, CZECH ACADEMY OF SCIENCES, V.V.I., LIDICKÁ 25/27, BRNO, 657 20, CZECH REPUBLIC; INSTITUTE OF ECOLOGY AND EVOLUTION, UNIVERSITY OF BERN, BALTERSTRASSE 6, BERN, 3006, SWITZERLAND; INRA - UMR 1062 CBGP (INRA, IRD, CIRAD, MONTPELLIER SUPAGRO), 755 AVENUE DU CAMPUS AGROPOLIS, MONTFERRIER-SUR-LEZ, 34988, FRANCE; CEFE UMR5175, CNRS - UNIVERSITÉ DE MONTPELLIER - EPHE, 1919 ROUTE DE MENDE, MONTPELLIER CEDEX 5, 34295, FRANCE; DEPARTMENT OF ZOOLOGY, FACULTY OF SCIENCE, CHARLES UNIVERSITY, VINIČNÁ 7, PRAGUE 2, 128 44, CZECH REPUBLIC; DEPARTMENT OF EVOLUTIONARY ECOLOGY, ESTACIÓN BIOLÓGICA DE DOÑANA-CSIC, C/AMERICO VESPUCIO, S/N, SEVILLE, 41092, SPAIN"
HSU YH;SCHROEDER J;WINNEY I;BURKE T;NAKAGAWA S,2015,ARE EXTRA-PAIR MALES DIFFERENT FROM CUCKOLDED MALES? A CASE STUDY AND A META-ANALYTIC EXAMINATION,MOLECULAR ECOLOGY,10.1111/MEC.13124,"DEPARTMENT OF ZOOLOGY, UNIVERSITY OF OTAGO, DUNEDIN, NEW ZEALAND; EVOLUTIONARY BIOLOGY, MAX PLANCK INSTITUTE FOR ORNITHOLOGY, SEEWIESEN, GERMANY; DEPARTMENT OF ANIMAL AND PLANT SCIENCES, UNIVERSITY OF SHEFFIELD, SHEFFIELD, UNITED KINGDOM; DEPARTMENT OF LIFE SCIENCE, NATIONAL TAIWAN NORMAL UNIVERSITY, TAIPEI, TAIWAN"
ARCT A;DROBNIAK SM;CICHOŃ M,2015,GENETIC SIMILARITY BETWEEN MATES PREDICTS EXTRAPAIR PATERNITY-A META-ANALYSIS OF BIRD STUDIES,BEHAVIORAL ECOLOGY,10.1093/BEHECO/ARV004,"INSTITUTE OF ENVIRONMENTAL SCIENCES, JAGIELLONIAN UNIVERSITY, GRONOSTAJOWA 7, KRAKÓW, 30-387, POLAND"
KAMIYA T;O'DWYER K;WESTERDAHL H;SENIOR A;NAKAGAWA S,2014,A QUANTITATIVE REVIEW OF MHC-BASED MATING PREFERENCE: THE ROLE OF DIVERSITY AND DISSIMILARITY,MOLECULAR ECOLOGY,10.1111/MEC.12934,"LABORATOIRE MIVEGEC (UMR CNRS 5290, UR IRD 224, UM1, UM2), 911 AVENUE AGROPOLIS, MONTPELLIER CEDEX 5, 34394, FRANCE; DEPARTMENT OF ZOOLOGY, UNIVERSITY OF OTAGO, 360 GREAT KING STREET, DUNEDIN, NEW ZEALAND; MOLECULAR ECOLOGY AND EVOLUTION LAB, DEPARTMENT OF BIOLOGY, LUND UNIVERSITY, LUND, SE-223 62, SWEDEN; CHARLES PERKINS CENTER, UNIVERSITY OF SYDNEY, SYDNEY, 2006, NSW, AUSTRALIA; SCHOOL OF BIOLOGICAL SCIENCES, UNIVERSITY OF SYDNEY, SYDNEY, 2006, NSW, AUSTRALIA"
FROMONTEIL S;MARIE-ORLEACH L;WINKLER L;JANICKE T,2023,SEXUAL SELECTION IN FEMALES AND THE EVOLUTION OF POLYANDRY,PLOS BIOLOGY,10.1371/JOURNAL.PBIO.3001916,"CEFE, UNIV MONTPELLIER, CNRS, EPHE, IRD, MONTPELLIER, FRANCE; NATURAL HISTORY MUSEUM, UNIVERSITY OF OSLO, OSLO, NORWAY; CNRS, UNIVERSITÉ DE RENNES 1, ECOBIO (ÉCOSYSTÈMES, BIODIVERSITÉ, ÉVOLUTION), UMR 6553, RENNES, FRANCE; APPLIED ZOOLOGY, TU DRESDEN, DRESDEN, GERMANY"
WHITE TE;LATTY T;UMBERS KDL,2022,THE EXPLOITATION OF SEXUAL SIGNALS BY PREDATORS: A META-ANALYSIS,PROCEEDINGS OF THE ROYAL SOCIETY B: BIOLOGICAL SCIENCES,10.1098/RSPB.2022.0444,"SCHOOL OF LIFE AND ENVIRONMENTAL SCIENCES, UNIVERSITY OF SYDNEY, SYDNEY, 2106, AUSTRALIA; SCHOOL OF SCIENCE, WESTERN SYDNEY UNIVERSITY, SYDNEY, 2751, NSW, AUSTRALIA; HAWKESBURY INSTITUTE FOR THE ENVIRONMENT, WESTERN SYDNEY UNIVERSITY, PENRITH, 2751, NSW, AUSTRALIA"
CULINA A;RADERSMA R;SHELDON BC,2015,TRADING UP: THE FITNESS CONSEQUENCES OF DIVORCE IN MONOGAMOUS BIRDS,BIOLOGICAL REVIEWS,10.1111/BRV.12143,"EDWARD GREY INSTITUTE, DEPARTMENT OF ZOOLOGY, UNIVERSITY OF OXFORD, OXFORD, OX1 3PS, UNITED KINGDOM"
DOUGHERTY LR;SHUKER DM,2015,THE EFFECT OF EXPERIMENTAL DESIGN ON THE MEASUREMENT OF MATE CHOICE: A META-ANALYSIS,BEHAVIORAL ECOLOGY,10.1093/BEHECO/ARU125,"CENTRE FOR BIOLOGICAL DIVERSITY, SCHOOL OF BIOLOGY, UNIVERSITY OF ST.ANDREWS, HAROLD MITCHELL BUILDING, ST.ANDREWS, KY14 7AU, UNITED KINGDOM"
WHITE TE,2020,STRUCTURAL COLOURS REFLECT INDIVIDUAL QUALITY: A META-ANALYSIS,BIOLOGY LETTERS,10.1098/RSBL.2020.0001,"SCHOOL OF LIFE AND ENVIRONMENTAL SCIENCES, UNIVERSITY OF SYDNEY, SYDNEY, 2106, NSW, AUSTRALIA"
LÜPOLD S;DE BOER RA;EVANS JP;TOMKINS JL;FITZPATRICK JL,2020,HOW SPERM COMPETITION SHAPES THE EVOLUTION OF TESTES AND SPERM: A META-ANALYSIS: SPERM COMPETITION META-ANALYSIS,PHILOSOPHICAL TRANSACTIONS OF THE ROYAL SOCIETY B: BIOLOGICAL SCIENCES,10.1098/RSTB.2020.0064,"DEPARTMENT OF EVOLUTIONARY BIOLOGY AND ENVIRONMENTAL STUDIES, UNIVERSITY OF ZURICH, WINTERTHURERSTRASSE 190, ZURICH, 8057, SWITZERLAND; DEPARTMENT OF ZOOLOGY/ETHOLOGY, STOCKHOLM UNIVERSITY, SVANTE ARRHENIUS VÄG 18B, STOCKHOLM, 10691, SWEDEN; CENTRE FOR EVOLUTIONARY BIOLOGY, SCHOOL OF BIOLOGICAL SCIENCES (M092), UNIVERSITY OF WESTERN AUSTRALIA, CRAWLEY, WESTERN AUSTRALIA, 6009, AUSTRALIA"
SOUTH A;LEWIS SM,2011,THE INFLUENCE OF MALE EJACULATE QUANTITY ON FEMALE FITNESS: A META-ANALYSIS,BIOLOGICAL REVIEWS,10.1111/J.1469-185X.2010.00145.X,"DEPARTMENT OF BIOLOGY, TUFTS UNIVERSITY, MEDFORD, MA 02155, UNITED STATES"
VOJE KL,2015,"SCALING OF MORPHOLOGICAL CHARACTERS ACROSS TRAIT TYPE, SEX, AND ENVIRONMENT: A META-ANALYSIS OF STATIC ALLOMETRIES",AMERICAN NATURALIST,10.1086/684159,"DEPARTMENT OF BIOSCIENCES, CENTRE FOR ECOLOGICAL AND EVOLUTIONARY SYNTHESIS, UNIVERSITY OF OSLO, P.O. BOX 1066, BLINDERN, OSLO, NO-0316, NORWAY"
IHLE M;FORSTMEIER W,2013,REVISITING THE EVIDENCE FOR INBREEDING AVOIDANCE IN ZEBRA FINCHES,BEHAVIORAL ECOLOGY,10.1093/BEHECO/ART074,"DEPARTMENT OF BEHAVIOURAL ECOLOGY AND EVOLUTIONARY GENETICS, MAX PLANCK INSTITUTE FOR ORNITHOLOGY, 82319 SEEWIESEN, EBERHARD-GWINNER-STRASSE 7-8, GERMANY"
CLEASBY IR;NAKAGAWA S,2012,THE INFLUENCE OF MALE AGE ON WITHIN-PAIR AND EXTRA-PAIR PATERNITY IN PASSERINES,IBIS,10.1111/J.1474-919X.2011.01209.X,"DEPARTMENT OF ANIMAL AND PLANT SCIENCES, UNIVERSITY OF SHEFFIELD, SHEFFIELD S10 2TN, UNITED KINGDOM; DEPARTMENT OF ZOOLOGY, UNIVERSITY OF OTAGO, DUNEDIN 9054, PO BOX 56, NEW ZEALAND"
ROMANO A;COSTANZO A;RUBOLINI D;SAINO N;MØLLER AP,2017,GEOGRAPHICAL AND SEASONAL VARIATION IN THE INTENSITY OF SEXUAL SELECTION IN THE BARN SWALLOW HIRUNDO RUSTICA: A META-ANALYSIS,BIOLOGICAL REVIEWS,10.1111/BRV.12297,"DIPARTIMENTO DI BIOSCIENZE, UNIVERSITÀ DEGLI STUDI DI MILANO, VIA CELORIA 26, MILANO, I-20133, ITALY; ECOLOGIE SYSTÉMATIQUE EVOLUTION, CNRS, UNIVERSITÉ PARIS-SUD, AGROPARISTECH, UNIVERSITÉ PARIS-SACLAY, ORSAY, F-91400, FRANCE"
HERNÁNDEZ A;MARTÍNEZ-GÓMEZ M;BEAMONTE-BARRIENTOS R;MONTOYA B,2021,"COLOURFUL TRAITS IN FEMALE BIRDS RELATE TO INDIVIDUAL CONDITION, REPRODUCTIVE PERFORMANCE AND MALE-MATE PREFERENCES: A META-ANALYTIC APPROACH",BIOLOGY LETTERS,10.1098/RSBL.2021.0283,"DOCTORADO EN CIENCIAS BIOLÓGICAS, CENTRO TLAXCALA DE BIOLOGÍA DE LA CONDUCTA (CTBC), UNIVERSIDAD AUTÓNOMA DE TLAXCALA, TLAXCALA, MEXICO; FACULTAD DE CIENCIAS, UNIVERSIDAD NACIONAL AUTÓNOMA DE MÉXICO, MÉXICO CITY, MEXICO; DEPARTAMENTO DE BIOLOGÍA CELULAR Y FISIOLOGÍA, INSTITUTO DE INVESTIGACIONES BIOMÉDICAS, UNIVERSIDAD NACIONAL AUTÓNOMA DE MÉXICO, MÉXICO CITY, MEXICO; ESTACIÓN CIENTÍFICA LA MALINCHE, CENTRO TLAXCALA DE BIOLOGÍA DE LA CONDUCTA (CTBC), UNIVERSIDAD AUTÓNOMA DE TLAXCALA, TLAXCALA, MEXICO"
SANTOS ESA;SCHECK D;NAKAGAWA S,2011,DOMINANCE AND PLUMAGE TRAITS: META-ANALYSIS AND METAREGRESSION ANALYSIS,ANIMAL BEHAVIOUR,10.1016/J.ANBEHAV.2011.03.022,"DEPARTMENT OF ZOOLOGY, UNIVERSITY OF OTAGO, NEW ZEALAND; AGROCAMPUS OUEST, RENNES, FRANCE"
NOLAZCO S;DELHEY K;NAKAGAWA S;PETERS A,2022,ORNAMENTS ARE EQUALLY INFORMATIVE IN MALE AND FEMALE BIRDS,NATURE COMMUNICATIONS,10.1038/S41467-022-33548-7,"SCHOOL OF BIOLOGICAL SCIENCES, MONASH UNIVERSITY, 25 RAINFOREST WALK, CLAYTON, 3800, VIC, AUSTRALIA; MAX PLANCK INSTITUTE FOR ORNITHOLOGY, SEEWIESEN, GERMANY; EVOLUTION & ECOLOGY RESEARCH CENTRE AND SCHOOL OF BIOLOGICAL, EARTH AND ENVIRONMENTAL SCIENCES, UNIVERSITY OF NEW SOUTH WALES, SYDNEY, 2052, NSW, AUSTRALIA"
SIMONS MJP;COHEN AA;VERHULST S,2012,WHAT DOES CAROTENOID-DEPENDENT COLORATION TELL? PLASMA CAROTENOID LEVEL SIGNALS IMMUNOCOMPETENCE AND OXIDATIVE STRESS STATE IN BIRDS-A META-ANALYSIS,PLOS ONE,10.1371/JOURNAL.PONE.0043088,"BEHAVIOURAL BIOLOGY, UNIVERSITY OF GRONINGEN, GRONINGEN, NETHERLANDS; DEPARTMENT OF FAMILY MEDICINE, UNIVERSITY OF SHERBROOKE, SHERBROOKE, QC, CANADA"
GREEN DM,2019,RARITY OF SIZE-ASSORTATIVE MATING IN ANIMALS: ASSESSING THE EVIDENCE WITH ANURAN AMPHIBIANS,AMERICAN NATURALIST,10.1086/701124,"REDPATH MUSEUM, MCGILL UNIVERSITY, 859 SHERBROOKE STREET WEST, MONTREAL, H3A 0C4, QC, CANADA"
DOUGHERTY LR;SHUKER DM,2016,VARIATION IN PRE- AND POST-COPULATORY SEXUAL SELECTION ON MALE GENITAL SIZE IN TWO SPECIES OF LYGAEID BUG,BEHAVIORAL ECOLOGY AND SOCIOBIOLOGY,10.1007/S00265-016-2082-6,"SCHOOL OF BIOLOGY, UNIVERSITY OF ST ANDREWS, ST ANDREWS, KY16 9TH, UNITED KINGDOM; CENTRE FOR EVOLUTIONARY BIOLOGY, SCHOOL OF ANIMAL BIOLOGY, THE UNIVERSITY OF WESTERN AUSTRALIA, CRAWLEY, 6009, WA, AUSTRALIA"
SLATYER RA;MAUTZ BS;BACKWELL PRY;JENNIONS MD,2012,ESTIMATING GENETIC BENEFITS OF POLYANDRY FROM EXPERIMENTAL STUDIES: A META-ANALYSIS,BIOLOGICAL REVIEWS,10.1111/J.1469-185X.2011.00182.X,"EVOLUTION, ECOLOGY AND GENETICS, RESEARCH SCHOOL OF BIOLOGY, THE AUSTRALIAN NATIONAL UNIVERSITY, CANBERRA, ACT 0200, AUSTRALIA"
MENEZES JCT;PALAORO AV,2022,FLIGHT HAMPERS THE EVOLUTION OF WEAPONS IN BIRDS,ECOLOGY LETTERS,10.1111/ELE.13964,"ORGANISMIC AND EVOLUTIONARY BIOLOGY GRADUATE PROGRAM, UNIVERSITY OF MASSACHUSETTS AMHERST, AMHERST, MA, UNITED STATES; DEPARTMENT OF ECOLOGY AND EVOLUTIONARY BIOLOGY, FEDERAL UNIVERSITY OF SÃO PAULO, SP, DIADEMA, BRAZIL; PROGRAMA DE PÓS-GRADUAÇÃO EM ECOLOGIA, UNIVERSITY OF SÃO PAULO, SP, SÃO PAULO, BRAZIL"
POLLO P;NAKAGAWA S;KASUMOVIC MM,2022,"THE BETTER, THE CHOOSIER: A META-ANALYSIS ON INTERINDIVIDUAL VARIATION OF MALE MATE CHOICE",ECOLOGY LETTERS,10.1111/ELE.13981,"EVOLUTION & ECOLOGY RESEARCH CENTRE, SCHOOL OF BIOLOGICAL, EARTH & ENVIRONMENTAL SCIENCES, UNIVERSITY OF NEW SOUTH WALES, KENSINGTON, SYDNEY, AUSTRALIA"
GUINDRE-PARKER S;LOVE OP,2014,REVISITING THE CONDITION-DEPENDENCE OF MELANIN-BASED PLUMAGE,JOURNAL OF AVIAN BIOLOGY,10.1111/J.1600-048X.2013.00190.X,"DEPT OF BIOLOGICAL SCIENCES, UNIV. OF WINDSOR, WINDSOR, ONN9B 3P4, CANADA; DEPT OF ECOLOGY, EVOLUTION AND ENVIRONMENTAL BIOLOGY, COLUMBIA UNIV., NEW YORK, NY 10027, 1200 AMSTERDAM AVENUE, UNITED STATES"
HEGYI G;KÖTÉL D;LACZI M,2015,DIRECT BENEFITS OF MATE CHOICE: A META-ANALYSIS OF PLUMAGE COLOUR AND OFFSPRING FEEDING RATES IN BIRDS,SCIENCE OF NATURE,10.1007/S00114-015-1311-6,"BEHAVIOURAL ECOLOGY GROUP, DEPARTMENT OF SYSTEMATIC ZOOLOGY AND ECOLOGY, EÖTVÖS LORÁND UNIVERSITY, PAZMANY PETER SETANY 1/C, BUDAPEST, 1117, HUNGARY"
KELLY CD;JENNIONS MD,2011,SEXUAL SELECTION AND SPERM QUANTITY: META-ANALYSES OF STRATEGIC EJACULATION,BIOLOGICAL REVIEWS,10.1111/J.1469-185X.2011.00175.X,"DEPARTMENT OF ECOLOGY, EVOLUTION AND ORGANISMAL BIOLOGY, IOWA STATE UNIVERSITY, AMES, IA 50011, UNITED STATES; EVOLUTION, ECOLOGY AND GENETICS, RESEARCH SCHOOL OF BIOLOGY, THE AUSTRALIAN NATIONAL UNIVERSITY, CANBERRA, ACT 0200, AUSTRALIA"
RODRÍGUEZ RL;EBERHARD WG,2019,WHY THE STATIC ALLOMETRY OF SEXUALLY-SELECTED TRAITS IS SO VARIABLE: THE IMPORTANCE OF FUNCTION,INTEGRATIVE AND COMPARATIVE BIOLOGY,10.1093/ICB/ICZ039,"DEPARTMENT OF BIOLOGICAL SCIENCES, BEHAVIORAL AND MOLECULAR ECOLOGY GROUP, UNIVERSITY OF WISCONSIN-MILWAUKEE, MILWAUKEE, 53201, WI, UNITED STATES; ESCUELA DE BIOLOGÍA, UNIVERSIDAD DE COSTA RICA, CIUDAD UNIVERSITARIA, SAN JOSÉ, COSTA RICA"
MACARTNEY EL;CREAN AJ;NAKAGAWA S;BONDURIANSKY R,2019,EFFECTS OF NUTRIENT LIMITATION ON SPERM AND SEMINAL FLUID: A SYSTEMATIC REVIEW AND META-ANALYSIS,BIOLOGICAL REVIEWS,10.1111/BRV.12524,"EVOLUTION AND ECOLOGY RESEARCH CENTRE AND SCHOOL OF BIOLOGICAL, EARTH AND ENVIRONMENTAL SCIENCES, UNSW AUSTRALIA, SYDNEY, NSW, AUSTRALIA; SYDNEY SCHOOL OF VETERINARY SCIENCE, THE UNIVERSITY OF SYDNEY, SYDNEY, NSW, AUSTRALIA"
PROKOP ZM;MICHALCZYK;DROBNIAK SM;HERDEGEN M;RADWAN J,2012,"META-ANALYSIS SUGGESTS CHOOSY FEMALES GET SEXY SONS MORE THAN ""GOOD GENES""",EVOLUTION,10.1111/J.1558-5646.2012.01654.X,"INSTITUTE OF ENVIRONMENTAL SCIENCES, JAGIELLONIAN UNIVERSITY, 30-387 KRAKÓW, GRONOSTAJOWA 7, POLAND; SCHOOL OF BIOLOGICAL SCIENCES, UNIVERSITY OF EAST ANGLIA, NORWICH NR4 7TJ, NORWICH RESEARCH PARK, UNITED KINGDOM"
ORD TJ;KING L;YOUNG AR,2011,CONTRASTING THEORY WITH THE EMPIRICAL DATA OF SPECIES RECOGNITION,EVOLUTION,10.1111/J.1558-5646.2011.01319.X,"EVOLUTION AND ECOLOGY RESEARCH CENTRE, SCHOOL OF BIOLOGICAL, EARTH AND ENVIRONMENTAL SCIENCES, UNIVERSITY OF NEW SOUTH WALES, KENSINGTON, NSW 2052, AUSTRALIA; DEPARTMENT OF ORGANISMIC AND EVOLUTIONARY BIOLOGY, MUSEUM OF COMPARATIVE ZOOLOGY, HARVARD UNIVERSITY, CAMBRIDGE, MA 02138, UNITED STATES"
DELBARCO-TRILLO J,2011,ADJUSTMENT OF SPERM ALLOCATION UNDER HIGH RISK OF SPERM COMPETITION ACROSS TAXA: A META-ANALYSIS,JOURNAL OF EVOLUTIONARY BIOLOGY,10.1111/J.1420-9101.2011.02293.X,"DEPARTMENT OF EVOLUTIONARY ANTHROPOLOGY, DUKE UNIVERSITY, DURHAM, NC 27708, 128 BIOLOGICAL SCIENCES BUILDING, BOX 90383, UNITED STATES"
DE BOER RA;VEGA-TREJO R;KOTRSCHAL A;FITZPATRICK JL,2021,META-ANALYTIC EVIDENCE THAT ANIMALS RARELY AVOID INBREEDING,NATURE ECOLOGY AND EVOLUTION,10.1038/S41559-021-01453-9,"DEPARTMENT OF ZOOLOGY: ETHOLOGY, STOCKHOLM UNIVERSITY, STOCKHOLM, SWEDEN; DEPARTMENT OF ANIMAL SCIENCES: BEHAVIOURAL ECOLOGY, WAGENINGEN UNIVERSITY & RESEARCH, WAGENINGEN, NETHERLANDS"
PROKUDA AY;ROFF DA,2014,"THE QUANTITATIVE GENETICS OF SEXUALLY SELECTED TRAITS, PREFERRED TRAITS AND PREFERENCE: A REVIEW AND ANALYSIS OF THE DATA",JOURNAL OF EVOLUTIONARY BIOLOGY,10.1111/JEB.12483,"DEPARTMENT OF BIOLOGY, UNIVERSITY OF CALIFORNIA, RIVERSIDE, CA, UNITED STATES"
WANG D;FORSTMEIER W;VALCU M;DINGEMANSE NJ;BULLA M;BOTH C;DUCKWORTH RA;KIERE LM;KARELL P;ALBRECHT T;KEMPENAERS B,2019,SCRUTINIZING ASSORTATIVE MATING IN BIRDS,PLOS BIOLOGY,10.1371/JOURNAL.PBIO.3000156,"DEPARTMENT OF BEHAVIOURAL ECOLOGY AND EVOLUTIONARY GENETICS, MAX PLANCK INSTITUTE FOR ORNITHOLOGY, SEEWIESEN, GERMANY; BEHAVIOURAL ECOLOGY, DEPARTMENT OF BIOLOGY, LUDWIG MAXIMILIANS UNIVERSITY OF MUNICH, PLANEGG-MARTINSRIED, GERMANY; NIOZ ROYAL NETHERLANDS INSTITUTE FOR SEA RESEARCH, DEPARTMENT OF COASTAL SYSTEMS AND UTRECHT UNIVERSITY, DEN BURG, NETHERLANDS; DEPARTMENT OF ECOLOGY, FACULTY OF ENVIRONMENTAL SCIENCES, CZECH UNIVERSITY OF LIFE SCIENCES PRAGUE, KAMÝCKÁ, PRAGUE, CZECH REPUBLIC; CONSERVATION ECOLOGY GROUP, GRONINGEN INSTITUTE FOR EVOLUTIONARY LIFE SCIENCES, UNIVERSITY OF GRONINGEN, GRONINGEN, NETHERLANDS; DEPARTMENT OF ECOLOGY AND EVOLUTIONARY BIOLOGY, UNIVERSITY OF ARIZONA, TUCSON, AZ, UNITED STATES; CENTER FOR THE STUDY OF BIODIVERSITY AND CONSERVATION (CIBYC), AUTONOMOUS UNIVERSITY OF THE STATE OF MORELOS, CUERNAVACA MORELOS, MEXICO; INSTITUTE OF ECOLOGY, DEPARTMENT OF EVOLUTIONARY ECOLOGY, UNIVERSIDAD NACIONAL AUTÓNOMA DE MÉXICO, DISTRITO FEDERAL, MEXICO CITY, MEXICO; BIOECONOMY RESEARCH TEAM, NOVIA UNIVERSITY OF APPLIED SCIENCES, RASEBORGSVÄGEN, EKENÄS, FINLAND; INSTITUTE OF VERTEBRATE BIOLOGY OF THE CZECH ACADEMY OF SCIENCES, BRNO, CZECH REPUBLIC; FACULTY OF SCIENCE, CHARLES UNIVERSITY, PRAGUE, CZECH REPUBLIC"
RIOS MOURA R;OLIVEIRA GONZAGA M;SILVA PINTO N;VASCONCELLOS-NETO J;REQUENA GS,2021,ASSORTATIVE MATING IN SPACE AND TIME: PATTERNS AND BIASES,ECOLOGY LETTERS,10.1111/ELE.13690,"NÚCLEO DE EXTENSÃO E PESQUISA EM ECOLOGIA E EVOLUÇÃO (NEPEE), DEPARTAMENTO DE CIÊNCIAS BIOLÓGICAS, UNIVERSIDADE DO ESTADO DE MINAS GERAIS, ITUIUTABA, MINAS GERAIS, BRAZIL; INSTITUTO DE BIOLOGIA, UNIVERSIDADE FEDERAL DE UBERLÂNDIA, UBERLÂNDIA, MINAS GERAIS, BRAZIL; COORDENAÇÃO DO NÚCLEO DE EXTENSÃO, PESQUISA E PÓS-GRADUAÇÃO, DEPARTAMENTO DE BIOLOGIA, CENTRO UNIVERSITÁRIO ARAGUAIA, GOIÂNIA, GOIÁS, BRAZIL; DEPARTAMENTO DE BIOLOGIA ANIMAL, UNIVERSIDADE ESTADUAL DE CAMPINAS, CAMPINAS, SÃO PAULO, BRAZIL; ‘SCIENCE YOURSELF’ INITIATIVE, CT, UNITED STATES"
HARTS AMF;BOOKSMYTHE I;JENNIONS MD,2016,MATE GUARDING AND FREQUENT COPULATION IN BIRDS: A META-ANALYSIS OF THEIR RELATIONSHIP TO PATERNITY AND MALE PHENOTYPE,EVOLUTION,10.1111/EVO.13081,"EVOLUTION, ECOLOGY AND GENETICS, RESEARCH SCHOOL OF BIOLOGY, THE AUSTRALIAN NATIONAL UNIVERSITY, CANBERRA, 0200, ACT, AUSTRALIA; INSTITUTE OF EVOLUTIONARY BIOLOGY AND ENVIRONMENTAL STUDIES, UNIVERSITY OF ZURICH, ZURICH, SWITZERLAND; WISSENSCHAFTSKOLLEG ZU BERLIN, WALLOTSTRASSE 19, BERLIN, 14193, GERMANY"
VIEIRA MC;PEIXOTO PEC,2013,WINNERS AND LOSERS: A META-ANALYSIS OF FUNCTIONAL DETERMINANTS OF FIGHTING ABILITY IN ARTHROPOD CONTESTS,FUNCTIONAL ECOLOGY,10.1111/1365-2435.12051,"DEPARTAMENTO DE BIOLOGIA, UNIVERSIDADE FEDERAL DO CEARÁ, CEARÁ, BRAZIL; DEPARTAMENTO DE CIÊNCIAS BIOLÓGICAS, UNIVERSIDADE ESTADUAL DE FEIRA DE SANTANA, FEIRA DE SANTANA CEP 44031-460, BAHIA, BRAZIL; DEPARTAMENTO DE ECOLOGIA, INSTITUTO DE CIÊNCIAS BIOLÓGICAS, UNIVERSIDADE FEDERAL DE GOIÁS, GOIÁS, BRAZIL"
DE JONG K;FORSGREN E;SANDVIK H;AMUNDSEN T,2012,MEASURING MATING COMPETITION CORRECTLY: AVAILABLE EVIDENCE SUPPORTS OPERATIONAL SEX RATIO THEORY,BEHAVIORAL ECOLOGY,10.1093/BEHECO/ARS094,"DEPARTMENT OF BIOLOGY, NORWEGIAN UNIVERSITY OF SCIENCE AND TECHNOLOGY (NTNU), 7491 TRONDHEIM, NORWAY; NORWEGIAN INSTITUTE FOR NATURE RESEARCH (NINA), 7485 TRONDHEIM, NORWAY"
DOUGHERTY LR,2021,META-ANALYSIS REVEALS THAT ANIMAL SEXUAL SIGNALLING BEHAVIOUR IS HONEST AND RESOURCE BASED,NATURE ECOLOGY AND EVOLUTION,10.1038/S41559-021-01409-Z,"DEPARTMENT OF EVOLUTION, ECOLOGY AND BEHAVIOUR, UNIVERSITY OF LIVERPOOL, LIVERPOOL, UNITED KINGDOM"
KRAAIJEVELD K;KRAAIJEVELD-SMIT FJL;MAAN ME,2011,SEXUAL SELECTION AND SPECIATION: THE COMPARATIVE EVIDENCE REVISITED,BIOLOGICAL REVIEWS,10.1111/J.1469-185X.2010.00150.X,"ANIMAL ECOLOGY, INSTITUTE OF BIOLOGY LEIDEN, LEIDEN UNIVERSITY, 2333 BE LEIDEN, SYLVIUSWEG 72, NETHERLANDS; UNIVERSITY OF BERN, INSTITUTE OF ECOLOGY AND EVOLUTION, CH-3012 BERN, BALTZERSTRASSE 6, SWITZERLAND; EAWAG CENTRE FOR ECOLOGY, EVOLUTION AND BIOGEOCHEMISTRY, CH-6047 KASTANIENBAUM, SEESTRASSE 79, SWITZERLAND"
SENIOR AM;JOHNSON SL;NAKAGAWA S,2016,SPERM TRAITS OF MASCULINIZED FISH RELATIVE TO WILD-TYPE MALES: A SYSTEMATIC REVIEW AND META-ANALYSES,METROECONOMICA,10.1111/FAF.12096,"DEPARTMENT OF ZOOLOGY, THE UNIVERSITY OF OTAGO, 340 GREAT KING STREET, DUNEDIN, 9016, NEW ZEALAND; THE UNIVERSITY OF SYDNEY, CHARLES PERKINS CENTRE, SYDNEY, 2006, NSW, AUSTRALIA; DEPARTMENT OF ANATOMY, THE UNIVERSITY OF OTAGO, 270 GREAT KING STREET, DUNEDIN, 9016, NEW ZEALAND; SCHOOL OF BIOLOGICAL SCIENCES, THE UNIVERSITY OF SYDNEY, SYDNEY, 2006, NSW, AUSTRALIA"
JANICKE T;HÄDERER IK;LAJEUNESSE MJ;ANTHES N,2016,EVOLUTIONARY BIOLOGY: DARWINIAN SEX ROLES CONFIRMED ACROSS THE ANIMAL KINGDOM,SCIENCE ADVANCES,10.1126/SCIADV.1500983,"CENTRE D'ÉCOLOGIE FONCTIONNELLE ET ÉVOLUTIVE, CNRS, UNIVERSITÉ DE MONTPELLIER, UNIVERSITÉ PAUL-VALÉRY MONTPELLIER, ROUTE DE MENDE, 34293, FRANCE; ANIMAL EVOLUTIONARY ECOLOGY GROUP, INSTITUTE FOR EVOLUTION AND ECOLOGY, UNIVERSITY OF TÜBINGEN, AUF DER MORGENSTELLE 28, TÜBINGEN, 72076, GERMANY; DEPARTMENT OF INTEGRATIVE BIOLOGY, UNIVERSITY OF SOUTH FLORIDA, TAMPA, 33620, FL, UNITED STATES"
MYERS JN;SENIOR A;ZADMAJID V;SØRENSEN SR;BUTTS IAE,2020,ASSOCIATIONS BETWEEN OVARIAN FLUID AND SPERM SWIMMING TRAJECTORIES IN MARINE AND FRESHWATER TELEOSTS: A META-ANALYSIS,REVIEWS IN FISHERIES SCIENCE AND AQUACULTURE,10.1080/23308249.2020.1739623,"SCHOOL OF FISHERIES, AQUACULTURE AND AQUATIC SCIENCES, AUBURN UNIVERSITY, AUBURN, AL, UNITED STATES; CHARLES PERKINS CENTRE, UNIVERSITY OF SYDNEY, SYDNEY, NSW, AUSTRALIA; UNIVERSITY OF SYDNEY, CHARLES PERKINS CENTRE AND SCHOOL OF LIFE AND ENVIRONMENTAL SCIENCES, SYDNEY, NSW, AUSTRALIA; DEPARTMENT OF FISHERIES SCIENCE, FACULTY OF NATURAL RESOURCES, UNIVERSITY OF KURDISTAN, SANANDAJ, IRAN; SECTION FOR MARINE LIVING RESOURCES, NATIONAL INSTITUTE OF AQUATIC RESOURCES, TECHNICAL UNIVERSITY OF DENMARK, LYNGBY, DENMARK; BIO-TEAM, BILLUND AQUACULTURE, BILLUND, DENMARK"
MAUTZ BS;MØLLER AP;JENNIONS MD,2013,DO MALE SECONDARY SEXUAL CHARACTERS SIGNAL EJACULATE QUALITY? A META-ANALYSIS,BIOLOGICAL REVIEWS,10.1111/BRV.12022,"RESEARCH SCHOOL OF BIOLOGY, AUSTRALIAN NATIONAL UNIVERSITY, CANBERRA, ACT 0200, AUSTRALIA; LABORATOIRE D'ECOLOGIE, SYSTÉMATIQUE ET EVOLUTION, CNRS UMR 8079, UNIVERSITÉ PARIS-SUD, PARIS, BÂTIMENT 362, ORSAY CEDEX, FRANCE; DEPARTMENT OF BIOLOGY, UNIVERSITY OF OTTAWA, OTTAWA, ON,K1N 6N5, 30 MARIE-CURIE, CANADA"
PEIXOTO PEC;MEDINA AM;MENDOZA-CUENCA L,2014,DO TERRITORIAL BUTTERFLIES SHOW A MACROECOLOGICAL FIGHTING PATTERN IN RESPONSE TO ENVIRONMENTAL STABILITY?,BEHAVIOURAL PROCESSES,10.1016/J.BEPROC.2014.07.001,"LABORATÓRIO DE ENTOMOLOGIA, DEPARTAMENTO DE CIÊNCIAS BIOLÓGICAS, UNIVERSIDADE ESTADUAL DE FEIRA DE SANTANA, FEIRA DE SANTANA, BA, CEP: 44036-900, BRAZIL; LABORATORIO DE ECOLOGÍA DE LA CONDUCTA, FACULTAD DE BIOLOGIA, UNIVERSIDAD MICHOACANA DE SAN NICOLÁS DE HIDALGO, AV.FRANCISCO J. MUJICA S/N, COL. FELICITAS DEL RIO.C.P., MORELIA, MICHOACÁN, 58030, MEXICO"
DAVIES AD;LEWIS Z;DOUGHERTY LR,2020,A META-ANALYSIS OF FACTORS INFLUENCING THE STRENGTH OF MATE-CHOICE COPYING IN ANIMALS,BEHAVIORAL ECOLOGY,10.1093/BEHECO/ARAA064,"INSTITUTE OF INTEGRATIVE BIOLOGY, UNIVERSITY OF LIVERPOOL, BIOSCIENCES BUILDING, CROWN STREET, LIVERPOOL, UNITED KINGDOM; SCHOOL OF LIFE SCIENCES, UNIVERSITY OF LIVERPOOL, BIOSCIENCES BUILDING, CROWN STREET, LIVERPOOL, UNITED KINGDOM"
PALAORO AV;PEIXOTO PEC,2022,"THE HIDDEN LINKS BETWEEN ANIMAL WEAPONS, FIGHTING STYLE, AND THEIR EFFECT ON CONTEST SUCCESS: A META-ANALYSIS",BIOLOGICAL REVIEWS,10.1111/BRV.12877,"PROGRAMA DE PÓS-GRADUAÇÃO EM ECOLOGIA E EVOLUÇÃO, UNIVERSIDADE FEDERAL DE SÃO PAULO, RUA PROF. ARTUR RIEDEL 66, SÃO PAULO STATE, DIADEMA, 99722-270, BRAZIL; PROGRAMA DE PÓS-GRADUAÇÃO EM ECOLOGIA, UNIVERSIDADE DE SÃO PAULO, RUA DO MATÃO TRAV. 14, SÃO PAULO STATE, SÃO PAULO, 05508-090, BRAZIL; DEPARTMENT OF MATERIAL SCIENCES AND ENGINEERING, CLEMSON UNIVERSITY, 490 SIRRINE HALL, 515 CALHOUN DR, CLEMSON, 29634, SC, UNITED STATES; LASEXIA, DEPARTAMENTO DE GENÉTICA, ECOLOGIA E EVOLUÇÃO, UNIVERSIDADE FEDERAL DE MINAS GERAIS, AV. ANTÔNIO CARLOS 6627, MINAS GERAIS STATE, BELO HORIZONTE, 31270-901, BRAZIL"
LÜPOLD S;SIMMONS LW;TOMKINS JL;FITZPATRICK JL,2015,NO EVIDENCE FOR A TRADE-OFF BETWEEN SPERM LENGTH AND MALE PREMATING WEAPONRY,JOURNAL OF EVOLUTIONARY BIOLOGY,10.1111/JEB.12742,"COMPUTATIONAL AND EVOLUTIONARY BIOLOGY, FACULTY OF LIFE SCIENCES, UNIVERSITY OF MANCHESTER, MANCHESTER, UNITED KINGDOM; DEPARTMENT OF BIOLOGY, LIFE SCIENCES COMPLEX, SYRACUSE UNIVERSITY, SYRACUSE, NY, UNITED STATES; CENTRE FOR EVOLUTIONARY BIOLOGY, SCHOOL OF ANIMAL BIOLOGY (M092), UNIVERSITY OF WESTERN AUSTRALIA, CRAWLEY, WA, AUSTRALIA"
PILAKOUTA N;BAILLET A,2022,EFFECTS OF TEMPERATURE ON MATING BEHAVIOUR AND MATING SUCCESS: A META-ANALYSIS,JOURNAL OF ANIMAL ECOLOGY,10.1111/1365-2656.13761,"SCHOOL OF BIOLOGICAL SCIENCES, UNIVERSITY OF ABERDEEN, ABERDEEN, UNITED KINGDOM; OBSERVATOIRE DES SCIENCES DE L'UNIVERS DE RENNES (OSUR), UNIVERSITÉ DE RENNES, RENNES, FRANCE; DEPARTMENT OF WOOD AND FOREST SCIENCES, LAVAL UNIVERSITY, QUEBEC, QC, CANADA"
JONES BC;DUVAL EH,2019,MECHANISMS OF SOCIAL INFLUENCE: A META-ANALYSIS OF THE EFFECTS OF SOCIAL INFORMATION ON FEMALE MATE CHOICE DECISIONS,FRONTIERS IN ECOLOGY AND EVOLUTION,10.3389/FEVO.2019.00390,"DEPARTMENT OF BIOLOGICAL SCIENCES, FLORIDA STATE UNIVERSITY, TALLAHASSEE, FL, UNITED STATES"
ROMETSCH SJ;TORRES-DOWDALL J;MEYER A,2020,EVOLUTIONARY DYNAMICS OF PRE- AND POSTZYGOTIC REPRODUCTIVE ISOLATION IN CICHLID FISHES: REPRODUCTIVE ISOLATION IN CICHLID FISHES,PHILOSOPHICAL TRANSACTIONS OF THE ROYAL SOCIETY B: BIOLOGICAL SCIENCES,10.1098/RSTB.2019.0535,"DEPARTMENT OF BIOLOGY, UNIVERSITY OF KONSTANZ, UNIVERSITÄTSSTRASSE 10, KONSTANZ, 78457, GERMANY"
HASIK AZ;SIEPIELSKI AM,2022,PARASITISM SHAPES SELECTION BY DRASTICALLY REDUCING HOST FITNESS AND INCREASING HOST FITNESS VARIATION,BIOLOGY LETTERS,10.1098/RSBL.2022.0323,"BIOLOGICAL SCIENCES, UNIVERSITY OF ARKANSAS, SCEN 601, 850 W. DICKSON ST., FAYETTEVILLE, 72701, AR, UNITED STATES"
PIKE VL;CORNWALLIS CK;GRIFFIN AS,2021,WHY DON'T ALL ANIMALS AVOID INBREEDING?,PROCEEDINGS OF THE ROYAL SOCIETY B: BIOLOGICAL SCIENCES,10.1098/RSPB.2021.1045,"DEPARTMENT OF ZOOLOGY, UNIVERSITY OF OXFORD, OXFORD, OX1 3SZ, UNITED KINGDOM; DEPARTMENT OF BIOLOGY, LUND UNIVERSITY, LUND, SWEDEN"
CALLY JG;STUART-FOX D;HOLMAN L,2019,META-ANALYTIC EVIDENCE THAT SEXUAL SELECTION IMPROVES POPULATION FITNESS,NATURE COMMUNICATIONS,10.1038/S41467-019-10074-7,"SCHOOL OF BIOSCIENCES, THE UNIVERSITY OF MELBOURNE, PARKVILLE, 3052, VIC, AUSTRALIA"
KIM B;MORAN NP;REINHOLD K;SÁNCHEZ-TÓJAR A,2021,MALE SIZE AND REPRODUCTIVE PERFORMANCE IN THREE SPECIES OF LIVEBEARING FISHES (GAMBUSIA SPP.): A SYSTEMATIC REVIEW AND META-ANALYSIS,JOURNAL OF ANIMAL ECOLOGY,10.1111/1365-2656.13554,"DEPARTMENT OF EVOLUTIONARY BIOLOGY, BIELEFELD UNIVERSITY, BIELEFELD, GERMANY; CENTRE FOR OCEAN LIFE DTU-AQUA, TECHNICAL UNIVERSITY OF DENMARK, LYNGBY, DENMARK"
SÁNCHEZ-TÓJAR A;NAKAGAWA S;SÁNCHEZ-FORTÚN M;MARTIN DA;RAMANI S;GIRNDT A;BÓKONY V;KEMPENAERS B;LIKER A;WESTNEAT DF;BURKE T;SCHROEDER J,2018,META-ANALYSIS CHALLENGES A TEXTBOOK EXAMPLE OF STATUS SIGNALLING AND DEMONSTRATES PUBLICATION BIAS,ELIFE,10.7554/ELIFE.37385,"EVOLUTIONARY BIOLOGY GROUP, MAX PLANCK INSTITUTE FOR ORNITHOLOGY, SEEWIESEN, GERMANY; DEPARTMENT OF LIFE SCIENCES, IMPERIAL COLLEGE LONDON, ASCOT, UNITED KINGDOM; SCHOOL OF BIOLOGICAL, EARTH AND ENVIRONMENTAL SCIENCES, UNIVERSITY OF NEW SOUTH WALES, SIDNEY, AUSTRALIA; DEPARTMENT OF ANIMAL AND PLANT SCIENCES, UNIVERSITY OF SHEFFIELD, SHEFFIELD, UNITED KINGDOM; DEPARTMENT OF ANIMAL BEHAVIOUR, BIELEFELD UNIVERSITY, BIELEFELD, GERMANY; LENDÜLET EVOLUTIONARY ECOLOGY RESEARCH GROUP, PLANT PROTECTION INSTITUTE, CENTRE FOR AGRICULTURAL RESEARCH, HUNGARIAN ACADEMY OF SCIENCES, BUDAPEST, HUNGARY; DEPARTMENT OF BEHAVIOURAL ECOLOGY AND EVOLUTIONARY GENETICS, MAX PLANCK INSTITUTE FOR ORNITHOLOGY, SEEWIESEN, GERMANY; MTA-PE EVOLUTIONARY ECOLOGY RESEARCH GROUP, UNIVERSITY OF PANNONIA, VESZPRÉM, HUNGARY; DEPARTMENT OF BIOLOGY, UNIVERSITY OF KENTUCKY, LEXINGTON, UNITED STATES; DEPARTMENT OF EVOLUTIONARY BIOLOGY, BIELEFELD UNIVERSITY, BIELEFELD, GERMANY; DEPARTMENT DE BIOLOGIA EVOLUTIVA, ECOLOGIA I CIÈNCIES AMBIENTALS, UNIVERSITY OF BARCELONA, BARCELONA, SPAIN; UNIVERSITY OF GOETTINGEN, GOETTINGEN, GERMANY"
MCLEAN MJ;BISHOP PJ;NAKAGAWA S,2012,"MALE QUALITY, SIGNAL RELIABILITY AND FEMALE CHOICE: ASSESSING THE EXPECTATIONS OF INTER-SEXUAL SELECTION",JOURNAL OF EVOLUTIONARY BIOLOGY,10.1111/J.1420-9101.2012.02533.X,"DEPARTMENT OF ZOOLOGY, UNIVERSITY OF OTAGO, DUNEDIN, NEW ZEALAND"
GARCÍA-ROA R;GARCIA-GONZALEZ F;NOBLE DWA;CARAZO P,2020,TEMPERATURE AS A MODULATOR OF SEXUAL SELECTION,BIOLOGICAL REVIEWS,10.1111/BRV.12632,"BEHAVIOUR AND EVOLUTION, ETHOLOGY LAB, CAVANILLES INSTITUTE OF BIODIVERSITY AND EVOLUTIONARY BIOLOGY, UNIVERSITY OF VALENCIA, C/CATEDRÁTICO JOSÉ BELTRÁN 2, PATERNA, 46980, VALENCIA, SPAIN; DOÑANA BIOLOGICAL STATION, SPANISH RESEARCH COUNCIL CSIC, C/AMERICO VESPUCIO, 26, ISLA DE LA CARTUJA, SEVILLA, 41092, SPAIN; CENTRE FOR EVOLUTIONARY BIOLOGY, SCHOOL OF BIOLOGICAL SCIENCES, THE UNIVERSITY OF WESTERN AUSTRALIA, 35 STIRLING HIGHWAY, CRAWLEY, 6009, WA, AUSTRALIA; ECOLOGY AND EVOLUTION RESEARCH CENTRE, SCHOOL OF BIOLOGICAL, EARTH AND ENVIRONMENTAL SCIENCES, UNIVERSITY OF NEW SOUTH WALES, SYDNEY, 2052, NSW, AUSTRALIA; DIVISION OF ECOLOGY AND EVOLUTION, RESEARCH SCHOOL OF BIOLOGY, THE AUSTRALIAN NATIONAL UNIVERSITY, CANBERRA, 2061, ACT, AUSTRALIA"
DHARMARATHNE WDSC;HERBERSTEIN ME,2022,LIMITATIONS OF SPERM TRANSFER IN THE COMPLEX REPRODUCTIVE SYSTEM OF SPIDERS,BIOLOGICAL JOURNAL OF THE LINNEAN SOCIETY,10.1093/BIOLINNEAN/BLAB158,"DEPARTMENT OF BIOLOGICAL SCIENCES, MACQUARIE UNIVERSITY, NORTH RYDE, NSW, AUSTRALIA"
MOORE FR;SHUKER DM;DOUGHERTY L,2016,STRESS AND SEXUAL SIGNALING: A SYSTEMATIC REVIEW AND META-ANALYSIS,BEHAVIORAL ECOLOGY,10.1093/BEHECO/ARV195,"SCHOOL OF PSYCHOLOGY, UNIVERSITY OF DUNDEE, NETHERGATE, DUNDEE, DD1 4HN, UNITED KINGDOM; SCHOOL OF BIOLOGY, BIOMEDICAL SCIENCES RESEARCH COMPLEX, UNIVERSITY OF ST.ANDREWS, ST.ANDREWS, FIFE, KY16 9TH, UNITED KINGDOM; SCHOOL OF ANIMAL BIOLOGY, UNIVERSITY OF WESTERN AUSTRALIA, 35 STIRLING HIGHWAY, CRAWLEY, PERTH, WESTERN, 6009, AUSTRALIA"
MEUNIER J;PINTO SF;BURRI R;ROULIN A,2011,EUMELANIN-BASED COLORATION AND FITNESS PARAMETERS IN BIRDS: A META-ANALYSIS,BEHAVIORAL ECOLOGY AND SOCIOBIOLOGY,10.1007/S00265-010-1092-Z,"DEPARTMENT OF ECOLOGY AND EVOLUTION, UNIVERSITY OF LAUSANNE, 1015 LAUSANNE, SWITZERLAND; ZOOLOGICAL INSTITUTE, EVOLUTIONARY BIOLOGY, UNIVERSITY OF BASEL, 4056 BASEL, SWITZERLAND"
MACIEL D;OLIVEIRA R;PEIXOTO PEC,2023,DO REPRODUCTIVE CHARACTERISTICS OF THE SPECIES EXPLAIN DIFFERENCES IN THE INVESTMENT IN WEAPON SIZE PRESENT IN MALES?,ETHOLOGY,10.1111/ETH.13348,"LABORATORY OF SELEÇÃO SEXUAL E INTERAÇÕES AGONÍSTICAS (LASEXIA), DEPARTMENT OF GENÉTICA, ECOLOGIA E EVOLUÇÃO, UNIVERSIDADE FEDERAL DE MINAS GERAIS, BELO HORIZONTE, BRAZIL; PROGRAMA DE PÓS-GRADUAÇÃO EM ECOLOGIA, CONSERVAÇÃO E MANEJO DA VIDA SILVESTRE, UNIVERSIDADE FEDERAL DE MINAS GERAIS, BELO HORIZONTE, BRAZIL"
GOLDBERG RL;DOWNING PA;GRIFFIN AS;GREEN JP,2020,THE COSTS AND BENEFITS OF PATERNAL CARE IN FISH: A META-ANALYSIS: FEMALE CHOICE FOR MALE CARE IN FISH,PROCEEDINGS OF THE ROYAL SOCIETY B: BIOLOGICAL SCIENCES,10.1098/RSPB.2020.1759,"DEPARTMENT OF ZOOLOGY, UNIVERSITY OF OXFORD, OXFORD, OX1 3SZ, UNITED KINGDOM; DEPARTMENT OF BIOLOGY, LUND UNIVERSITY, LUND, SWEDEN"
ROBINSON CM;CREANZA N,2019,SPECIES-LEVEL REPERTOIRE SIZE PREDICTS A CORRELATION BETWEEN INDIVIDUAL SONG ELABORATION AND REPRODUCTIVE SUCCESS,ECOLOGY AND EVOLUTION,10.1002/ECE3.5418,"DEPARTMENT OF BIOLOGICAL SCIENCES, VANDERBILT UNIVERSITY, NASHVILLE, TN, UNITED STATES"
LÜPOLD S;FITZPATRICK JL,2015,SPERM NUMBER TRUMPS SPERM SIZE IN MAMMALIAN EJACULATE EVOLUTION,PROCEEDINGS OF THE ROYAL SOCIETY B: BIOLOGICAL SCIENCES,10.1098/RSPB.2015.2122,"COMPUTATIONAL AND EVOLUTIONARY BIOLOGY, UNIVERSITY OF MANCHESTER, MANCHESTER, M13 9PT, UNITED KINGDOM; DEPARTMENT OF EVOLUTIONARY BIOLOGY AND ENVIRONMENTAL SCIENCES, UNIVERSITY OF ZURICH-IRCHEL, WINTERTHURERSTRASSE 190, ZURICH, 8057, SWITZERLAND; DEPARTMENT OF ZOOLOGY/ETHOLOGY, STOCKHOLM UNIVERSITY, SVANTE ARRHENIUS VÄG 18B, STOCKHOLM, 10691, SWEDEN"
KOCH RE;WILSON AE;HILL GE,2016,THE IMPORTANCE OF CAROTENOID DOSE IN SUPPLEMENTATION STUDIES WITH SONGBIRDS,PHYSIOLOGICAL AND BIOCHEMICAL ZOOLOGY,10.1086/684485,"DEPARTMENT OF BIOLOGICAL SCIENCES, AUBURN UNIVERSITY, 331 FUNCHESS HALL, AUBURN, 36849, AL, UNITED STATES; SCHOOL OF FISHERIES, AQUACULTURE, AND AQUATIC SCIENCES, AUBURN UNIVERSITY, AUBURN, 36849, AL, UNITED STATES"
ROMANO A;SAINO N;MØLLER AP,2017,VIABILITY AND EXPRESSION OF SEXUAL ORNAMENTS IN THE BARN SWALLOW HIRUNDO RUSTICA: A META-ANALYSIS,JOURNAL OF EVOLUTIONARY BIOLOGY,10.1111/JEB.13151,"DEPARTMENT OF ENVIRONMENTAL SCIENCE AND POLICY, UNIVERSITÀ DEGLI STUDI DI MILANO, MILANO, ITALY; ECOLOGIE SYSTÉMATIQUE EVOLUTION, CNRS, UNIVERSITÉ PARIS-SUD, AGROPARISTECH, UNIVERSITÉ PARIS-SACLAY, ORSAY, FRANCE"
SOPER DM;EKROTH AKE;MARTINS MJF,2021,DIRECT EVIDENCE FOR INCREASED DISEASE RESISTANCE IN POLYANDROUS BROODS EXISTS ONLY IN EUSOCIAL HYMENOPTERA,BMC ECOLOGY AND EVOLUTION,10.1186/S12862-021-01925-3,"DEPARTMENT OF BIOLOGY, UNIVERSITY OF DALLAS, 1845 E. NORTHGATE DR., IRVING, 75062, TX, UNITED STATES; DEPARTMENT OF ZOOLOGY, UNIVERSITY OF OXFORD, 11A MANSFIELD ROAD, OXFORD, OX1 3SZ, UNITED KINGDOM; INTERDISCIPLINARY CENTER FOR ARCHAEOLOGY AND EVOLUTION OF HUMAN BEHAVIOUR (ICAREHB), FACULDADE DE CIÊNCIAS HUMANAS E SOCIAIS, UNIVERSIDADE DO ALGARVE, CAMPUS DE GAMBELAS, FARO, 8005-139, PORTUGAL; DEPARTMENT OF PALEOBIOLOGY, NATIONAL MUSEUM OF NATURAL HISTORY, SMITHSONIAN INSTITUTION, WASHINGTON, 20013-7012, DC, UNITED STATES"
JANICKE T;FROMONTEIL S,2021,SEXUAL SELECTION AND SEXUAL SIZE DIMORPHISM IN ANIMALS,BIOLOGY LETTERS,10.1098/RSBL.2021.0251,"CENTRE D'ÉCOLOGIE FONCTIONNELLE ET ÉVOLUTIVE, UMR 5175 CNRS, UNIVERSITÉ DE MONTPELLIER, ÉCOLE PRATIQUE DES HAUTES ÉTUDES, MONTPELLIER, FRANCE; APPLIED ZOOLOGY, TECHNICAL UNIVERSITY DRESDEN, ZELLESCHER WEG 20B, DRESDEN, 01062, GERMANY"
JANICKE T;RITCHIE MG;MORROW EH;MARIE-ORLEACH L,2018,SEXUAL SELECTION PREDICTS SPECIES RICHNESS ACROSS THE ANIMAL KINGDOM,PROCEEDINGS OF THE ROYAL SOCIETY B: BIOLOGICAL SCIENCES,10.1098/RSPB.2018.0173,"EVOLUTION, BEHAVIOUR AND ENVIRONMENT GROUP, SCHOOL OF LIFE SCIENCES, UNIVERSITY OF SUSSEX, BRIGHTON, UNITED KINGDOM; CENTRE D’ÉCOLOGIE FONCTIONNELLE ET ÉVOLUTIVE, UMR 5175, CNRS, UNIVERSITÉ DE MONTPELLIER, UNIVERSITE´ PAUL-VALÉRY MONTPELLIER, ÉCOLE PRATIQUE DES HAUTES ÉTUDES, MONTPELLIER, 34090, FRANCE; CENTRE FOR BIOLOGICAL DIVERSITY, SCHOOL OF BIOLOGY, UNIVERSITY OF ST ANDREWS, ST ANDREWS, UNITED KINGDOM"
YUKILEVICH R,2012,ASYMMETRICAL PATTERNS OF SPECIATION UNIQUELY SUPPORT REINFORCEMENT IN DROSOPHILA,EVOLUTION,10.1111/J.1558-5646.2011.01534.X,"DEPARTMENT OF ECOLOGY AND EVOLUTION, UNIVERSITY OF CHICAGO, CHICAGO, IL 60637, UNITED STATES; UNION COLLEGE, SCHENECTADY, NY 12308, UNITED STATES"
GREENFIELD MD;ALEM S;LIMOUSIN D;BAILEY NW,2014,THE DILEMMA OF FISHERIAN SEXUAL SELECTION: MATE CHOICE FOR INDIRECT BENEFITS DESPITE RARITY AND OVERALL WEAKNESS OF TRAIT-PREFERENCE GENETIC CORRELATION,EVOLUTION,10.1111/EVO.12542,"INSTITUT DE RECHERCHE SUR LA BIOLOGIE DE L'INSECTE (IRBI), CNRS UMR 7261, UNIVERSITÉ FRANÇOIS, RABELAIS DE TOURS, PARC DE GRANDMONT, TOURS, 37200, FRANCE; RESEARCH CENTRE FOR PSYCHOLOGY, SCHOOL OF BIOLOGICAL AND CHEMICAL SCIENCES, QUEEN MARY UNIVERSITY OF LONDON, MILE END ROAD, LONDON, E1 4NS, UNITED KINGDOM; UPMC UNIV PARIS 06, UMR 1272, PHYSIOLOGIE DE L'INSECTE SIGNALISATION ET COMMUNICATION, VERSAILLES, F-78026, FRANCE; INRA, UMR 1272, PHYSIOLOGIE DE L'INSECTE SIGNALISATION ET COMMUNICATION, VERSAILLES, F-78026, FRANCE; CENTRE FOR BIOLOGICAL DIVERSITY, SCHOOL OF BIOLOGY, UNIVERSITY OF ST. ANDREWS, FIFE, KY16 9TH, UNITED KINGDOM"
DOUGHERTY LR;SKIRROW MJA;JENNIONS MD;SIMMONS LW,2022,MALE ALTERNATIVE REPRODUCTIVE TACTICS AND SPERM COMPETITION: A META-ANALYSIS,BIOLOGICAL REVIEWS,10.1111/BRV.12846,"DEPARTMENT OF EVOLUTION, ECOLOGY AND BEHAVIOUR, UNIVERSITY OF LIVERPOOL, CROWN STREET, LIVERPOOL, L69 7RB, UNITED KINGDOM; DIVISION OF ECOLOGY & EVOLUTION, RESEARCH SCHOOL OF BIOLOGY, THE AUSTRALIAN NATIONAL UNIVERSITY, 46 SULLIVANS CREEK ROAD, CANBERRA, 2600, ACT, AUSTRALIA; CENTRE FOR EVOLUTIONARY BIOLOGY, SCHOOL OF BIOLOGICAL SCIENCES, THE UNIVERSITY OF WESTERN AUSTRALIA, CRAWLEY, 6009, WA, AUSTRALIA"
CREAN AJ;SENIOR AM,2019,HIGH-FAT DIETS REDUCE MALE REPRODUCTIVE SUCCESS IN ANIMAL MODELS: A SYSTEMATIC REVIEW AND META-ANALYSIS,OBESITY REVIEWS,10.1111/OBR.12827,"SYDNEY SCHOOL OF VETERINARY SCIENCE, THE UNIVERSITY OF SYDNEY, SYDNEY, AUSTRALIA; CHARLES PERKINS CENTRE, THE UNIVERSITY OF SYDNEY, SYDNEY, AUSTRALIA; SCHOOL OF MATHEMATICS AND STATISTICS, THE UNIVERSITY OF SYDNEY, SYDNEY, AUSTRALIA; SCHOOL OF LIFE AND ENVIRONMENTAL SCIENCES, THE UNIVERSITY OF SYDNEY, SYDNEY, AUSTRALIA"
JANICKE T;MARIE-ORLEACH L;AUBIER TG;PERRIER C;MORROW EH,2019,ASSORTATIVE MATING IN ANIMALS AND ITS ROLE FOR SPECIATION,AMERICAN NATURALIST,10.1086/705825,"CENTRE D’ECOLOGIE FONCTIONNELLE ET EVOLUTIVE, CNRS, UNIVERSITÉ DE MONTPELLIER, UNIVERSITÉ PAUL VALÉRY MONTPELLIER 3, ÉCOLE PRATIQUE DES HAUTES ÉTUDES, INSTITUT DE RECHERCHE POUR LE DÉVELOPPEMENT, MONTPELLIER, 34293, FRANCE; EVOLUTION, BEHAVIOUR, AND ENVIRONMENT GROUP, SCHOOL OF LIFE SCIENCES, JOHN MAYNARD SMITH BUILDING, UNIVERSITY OF SUSSEX, BRIGHTON, BN1 9QG, UNITED KINGDOM; APPLIED ZOOLOGY, FACULTY OF BIOLOGY, TECHNISCHE UNIVERSITÄT DRESDEN, ZELLESCHER WEG 20B, DRESDEN, D-01217, GERMANY; CENTRE FOR BIOLOGICAL DIVERSITY, SCHOOL OF BIOLOGY, UNIVERSITY OF SAINT ANDREWS, FIFE, SAINT ANDREWS, KY16 9TH, UNITED KINGDOM; NATURAL HISTORY MUSEUM, UNIVERSITY OF OSLO, OSLO, NO-0318, NORWAY; CNRS, UNIVERSITÉ DE RENNES 1, ECOBIO (ECOSYSTÈMES, BIODIVERSITÉ, EVOLUTION), UNITÉ MIXTE DE RECHERCHE 6553, RENNES, F-35000, FRANCE; DEPARTMENT OF EVOLUTIONARY BIOLOGY AND ENVIRONMENTAL STUDIES, UNIVERSITY OF ZURICH, WINTERTHURERSTRASSE 190, ZURICH, CH-8057, SWITZERLAND; CENTRE D’ECOLOGIE FONCTIONNELLE ET EVOLUTIVE, CNRS–UNITÉ MIXTE DE RECHERCHE 5175, 1919 ROUTE DE MENDE, MONTPELLIER, CEDEX 05, 34293, FRANCE"
JANICKE T;MORROW EH,2018,OPERATIONAL SEX RATIO PREDICTS THE OPPORTUNITY AND DIRECTION OF SEXUAL SELECTION ACROSS ANIMALS,ECOLOGY LETTERS,10.1111/ELE.12907,"ECOLOGY, BEHAVIOUR AND ENVIRONMENT GROUP, UNIVERSITY OF SUSSEX, BRIGHTON, UNITED KINGDOM; CENTRE D'ÉCOLOGIE FONCTIONNELLE ET ÉVOLUTIVE, UMR 5175, CNRS, UNIVERSITÉ DE MONTPELLIER, ÉCOLE PRATIQUE DES HAUTES ÉTUDES, MONTPELLIER, FRANCE"
PARKER TH,2013,WHAT DO WE REALLY KNOW ABOUT THE SIGNALLING ROLE OF PLUMAGE COLOUR IN BLUE TITS? A CASE STUDY OF IMPEDIMENTS TO PROGRESS IN EVOLUTIONARY BIOLOGY,BIOLOGICAL REVIEWS,10.1111/BRV.12013,"DEPARTMENT OF BIOLOGY, WHITMAN COLLEGE, WALLA WALLA, WA, 99362, UNITED STATES"
ANTHES N;HÄDERER IK;MICHIELS NK;JANICKE T,2017,MEASURING AND INTERPRETING SEXUAL SELECTION METRICS: EVALUATION AND GUIDELINES,METHODS IN ECOLOGY AND EVOLUTION,10.1111/2041-210X.12707,"ANIMAL EVOLUTIONARY ECOLOGY GROUP, INSTITUTE FOR EVOLUTION AND ECOLOGY, UNIVERSITY OF TÜBINGEN, AUF DER MORGENSTELLE 28, TÜBINGEN, 72076, GERMANY; CENTRE D'ÉCOLOGIE FONCTIONNELLE ET ÉVOLUTIVE, UMR 5175, CNRS, UNIVERSITY OF MONTPELLIER, 1919 ROUTE DE MENDE, MONTPELLIER CEDEX 05, 34293, FRANCE"
GRAHAM S;CHAPUIS E;MECONCELLI S;BONEL N;SARTORI K;CHRISTOPHE A;ALDA P;DAVID P;JANICKE T,2015,SIZE-ASSORTATIVE MATING IN SIMULTANEOUS HERMAPHRODITES: AN EXPERIMENTAL TEST AND A META-ANALYSIS,BEHAVIORAL ECOLOGY AND SOCIOBIOLOGY,10.1007/S00265-015-1999-5,"CENTRE D’ECOLOGIE FONCTIONNELLE ET EVOLUTIVE, UMR 5175, CNRS, UNIVERSITÉ DE MONTPELLIER, UNIVERSITÉ PAUL-VALÉRY MONTPELLIER, ECOLE PRATIQUE DES HAUTES ETUDES, 1919 ROUTE DE MENDE, MONTPELLIER CEDEX 05, 34293, FRANCE; IRD, UMR186 “INTÉRACTIONS PLANTES-MICRORGANISMES-ENVIRONEMENT”, 911, AVENUE AGROPOLIS, BP 64501, MONTPELLIER CEDEX 05, 34394, FRANCE; DEPARTMENT OF LIFE SCIENCES AND SYSTEMS BIOLOGY, UNIVERSITÀ DI TORINO, TURIN, ITALY; LABORATORIO DE ZOOLOGÍA DE INVERTEBRADOS I, DEPARTAMENTO DE BIOLOGÍA, BIOQUÍMICA Y FARMACIA, UNIVERSIDAD NACIONAL DEL SUR, BAHÍA BLANCA, ARGENTINA; CENTRO DE ESTUDIOS PARASITOLÓGICOS Y DE VECTORES (CEPAVE, CCT-LA PLATA-CONICET-UNLP), AVENIDA 120 S/N E/61 Y 62, LA PLATA, 1900, BUENOS AIRES, ARGENTINA"
SENIOR AM;JOHNSON SL;NAKAGAWA S,2016,SPERM TRAITS OF MASCULINIZED FISH RELATIVE TO WILD-TYPE MALES: A SYSTEMATIC REVIEW AND META-ANALYSES,FISH AND FISHERIES,10.1111/FAF.12096,"DEPARTMENT OF ZOOLOGY, THE UNIVERSITY OF OTAGO, 340 GREAT KING STREET, DUNEDIN, 9016, NEW ZEALAND; THE UNIVERSITY OF SYDNEY, CHARLES PERKINS CENTRE, SYDNEY, 2006, NSW, AUSTRALIA; DEPARTMENT OF ANATOMY, THE UNIVERSITY OF OTAGO, 270 GREAT KING STREET, DUNEDIN, 9016, NEW ZEALAND; SCHOOL OF BIOLOGICAL SCIENCES, THE UNIVERSITY OF SYDNEY, SYDNEY, 2006, NSW, AUSTRALIA"
POWERS MJ;WILSON AE;HEINE KB;HILL GE,2020,THE RELATIVE IMPORTANCE OF VARIOUS MATING CRITERIA IN COPEPODS,JOURNAL OF PLANKTON RESEARCH,10.1093/PLANKT/FBZ075,"DEPARTMENT OF BIOLOGICAL SCIENCES, 101 ROUSE LIFE SCIENCES BUILDING, AUBURN UNIVERSITY, AUBURN, 36849, AL, UNITED STATES; SCHOOL OF FISHERIES, AQUACULTURE, AND AQUATIC SCIENCES, 203 SWINGLE HALL, AUBURN UNIVERSITY, AUBURN, 36849, AL, UNITED STATES"
SEGUIN A;FORSTMEIER W,2012,NO BAND COLOR EFFECTS ON MALE COURTSHIP RATE OR BODY MASS IN THE ZEBRA FINCH: FOUR EXPERIMENTS AND A META-ANALYSIS,PLOS ONE,10.1371/JOURNAL.PONE.0037785,"MAX PLANCK INSTITUTE FOR ORNITHOLOGY, SEEWIESEN, GERMANY"
PARRIS KM;MCCARTHY MA,2013,PREDICTING THE EFFECT OF URBAN NOISE ON THE ACTIVE SPACE OF AVIAN VOCAL SIGNALS,AMERICAN NATURALIST,10.1086/671906,"SCHOOL OF BOTANY, UNIVERSITY OF MELBOURNE, VA 3010, AUSTRALIA"
MORI BA;EVENDEN ML,2013,WHEN MATING DISRUPTION DOES NOT DISRUPT MATING: FITNESS CONSEQUENCES OF DELAYED MATING IN MOTHS,ENTOMOLOGIA EXPERIMENTALIS ET APPLICATA,10.1111/J.1570-7458.2012.01309.X,"DEPARTMENT OF BIOLOGICAL SCIENCES, UNIVERSITY OF ALBERTA, CW405 BIOLOGICAL SCIENCES BUILDING, EDMONTON, AB, T6G 2E9, CANADA"
MAJOLO B;LEHMANN J;DE BORTOLI VIZIOLI A;SCHINO G,2012,FITNESS-RELATED BENEFITS OF DOMINANCE IN PRIMATES,AMERICAN JOURNAL OF PHYSICAL ANTHROPOLOGY,10.1002/AJPA.22031,"SCHOOL OF PSYCHOLOGY, UNIVERSITY OF LINCOLN, LINCOLN LN6 7TS, BRAYFORD POOL, UNITED KINGDOM; DEPARTMENT OF LIFE SCIENCES, CENTRE FOR RESEARCH IN EVOLUTIONARY ANTHROPOLOGY, UNIVERSITY OF ROEHAMPTON, LONDON, UNITED KINGDOM; ISTITUTO DI SCIENZE E TECNOLOGIE DELLA COGNIZIONE, CONSIGLIO NAZIONALE DELLE RICERCHE, ROME, ITALY; DIPARTIMENTO DI BIOLOGIA ANIMALE E DELL'UOMO, UNIVERSITÀ LA SAPIENZA, ROME, ITALY"
WEAVER RJ;SANTOS ESA;TUCKER AM;WILSON AE;HILL GE,2018,CAROTENOID METABOLISM STRENGTHENS THE LINK BETWEEN FEATHER COLORATION AND INDIVIDUAL QUALITY,NATURE COMMUNICATIONS,10.1038/S41467-017-02649-Z,"DEPARTMENT OF BIOLOGICAL SCIENCES, AUBURN UNIVERSITY, 331 FUNCHESS HALL, AUBURN, 36849, AL, UNITED STATES; BECO DO DEPARTAMENTO DE ZOOLOGIA, UNIVERSIDADE DE SÃO PAULO, SÃO PAULO, 05508-090, BRAZIL; SCHOOL OF FORESTRY AND WILDLIFE SCIENCES, AUBURN UNIVERSITY, 3301 SFWS BUILDING, AUBURN, 36849, AL, UNITED STATES; SCHOOL OF FISHERIES, AQUACULTURE AND AQUATIC SCIENCES, AUBURN UNIVERSITY, 203 SWINGLE HALL, AUBURN, 36849, AL, UNITED STATES"
PARKER TH;GREIG EI;NAKAGAWA S;PARRA M;DALISIO AC,2018,SUBSPECIES STATUS AND METHODS EXPLAIN STRENGTH OF RESPONSE TO LOCAL VERSUS FOREIGN SONG BY OSCINE BIRDS IN META-ANALYSIS,ANIMAL BEHAVIOUR,10.1016/J.ANBEHAV.2018.05.023,"DEPARTMENT OF BIOLOGY, WHITMAN COLLEGE, WALLA WALLA, WA, UNITED STATES; DEPARTMENT OF BIOLOGICAL SCIENCES, MACQUARIE UNIVERSITY, NORTH RYDE, AUSTRALIA; CORNELL LAB OF ORNITHOLOGY, ITHACA, NY, UNITED STATES; EVOLUTION & ECOLOGY RESEARCH CENTRE, SCHOOL OF BIOLOGICAL, EARTH AND ENVIRONMENTAL SCIENCES, UNIVERSITY OF NEW SOUTH WALES, SYDNEY, AUSTRALIA; DEPARTMENT OF BIOLOGICAL SCIENCES, EMPORIA STATE UNIVERSITY, EMPORIA, KS, UNITED STATES"
RIOS MOURA R;PEIXOTO PEC,2013,THE EFFECT OF OPERATIONAL SEX RATIO ON THE OPPORTUNITY FOR SEXUAL SELECTION: A META-ANALYSIS,ANIMAL BEHAVIOUR,10.1016/J.ANBEHAV.2013.07.002,"DEPARTAMENTO DE BIOLOGIA, UNIVERSIDADE FEDERAL DO CEARÁ, CEARÁ, BRAZIL; DEPARTAMENTO DE CIÊNCIAS BIOLÓGICAS, UNIVERSIDADE ESTADUAL DE FEIRA DE SANTANA, BAHIA, BRAZIL; INSTITUTO DE BIOLOGIA, UNIVERSIDADE FEDERAL DE UBERLÂNDIA, MINAS GERAIS, BRAZIL"
STREET SE;CROSS CP;BROWN GR,2016,EXAGGERATED SEXUAL SWELLINGS IN FEMALE NONHUMAN PRIMATES ARE RELIABLE SIGNALS OF FEMALE FERTILITY AND BODY CONDITION,ANIMAL BEHAVIOUR,10.1016/J.ANBEHAV.2015.11.023,"SCHOOL OF PSYCHOLOGY AND NEUROSCIENCE, UNIVERSITY OF ST ANDREWS, ST ANDREWS, UNITED KINGDOM; SCHOOL OF BIOLOGY, UNIVERSITY OF ST ANDREWS, ST ANDREWS, UNITED KINGDOM; SCHOOL OF BIOLOGICAL, BIOMEDICAL AND ENVIRONMENTAL SCIENCES, UNIVERSITY OF HULL, HULL, UNITED KINGDOM"
ISVARAN K;PONKSHE A,2013,HOW GENERAL IS A FEMALE MATING PREFERENCE FOR CLUSTERED MALES IN LEKKING SPECIES? A META-ANALYSIS,ANIMAL BEHAVIOUR,10.1016/J.ANBEHAV.2013.05.036,"CENTRE FOR ECOLOGICAL SCIENCES, INDIAN INSTITUTE OF SCIENCE, BANGALORE, INDIA; RAGHURAJ SOC., PUNE, 18 RAGHAV, SINHAGAD ROAD, INDIA"
CULINA A;BROUWER L,2022,NO EVIDENCE OF IMMEDIATE FITNESS BENEFITS OF WITHIN-SEASON DIVORCE IN MONOGAMOUS BIRDS,BIOLOGY LETTERS,10.1098/RSBL.2021.0671,"NETHERLANDS INSTITUTE OF ECOLOGY, NIOO-KNAW, WAGENINGEN, NETHERLANDS; RUDER BOSKOVIC INSTITUTE, ZAGREB, CROATIA; COLLEGE OF SCIENCE AND ENGINEERING, JAMES COOK UNIVERSITY, TOWNSVILLE, 4811, QLD, AUSTRALIA; DIVISION OF ECOLOGY AND EVOLUTION OF RESEARCH SCHOOL OF BIOLOGY, AUSTRALIAN NATIONAL UNIVERSITY, CANBERRA, 2601, ACT, AUSTRALIA"
NIEBERDING CM;HOLVECK MJ,2017,LABORATORY SOCIAL ENVIRONMENT BIASES MATING OUTCOME: A FIRST QUANTITATIVE SYNTHESIS IN A BUTTERFLY,BEHAVIORAL ECOLOGY AND SOCIOBIOLOGY,10.1007/S00265-017-2346-9,"GROUP OF EVOLUTIONARY ECOLOGY AND GENETICS, BIODIVERSITY RESEARCH CENTRE, EARTH AND LIFE INSTITUTE, UNIVERSITÉ CATHOLIQUE DE LOUVAIN (UCL), LOUVAIN-LA-NEUVE, BELGIUM; UNIVERSITÉ CATHOLIQUE DE LOUVAIN (UCL), EARTH AND LIFE INSTITUTE (SST/ELI/ELIB), BIODIVERSITY RESEARCH CENTRE, CARNOY BUILDING, LETTER BOX L7.07.04, CROIX DU SUD 4-5, LOUVAIN-LA-NEUVE, 1348, BELGIUM; CENTRE D’ECOLOGIE FONCTIONNELLE ET EVOLUTIVE, UNIVERSITÉ DE MONTPELLIER, UMR 5175 CAMPUS CNRS, MONTPELLIER, FRANCE"
SIMONS MJP;VERHULST S,2011,ZEBRA FINCH FEMALES PREFER MALES WITH REDDER BILLS INDEPENDENT OF SONG RATE-A META-ANALYSIS,BEHAVIORAL ECOLOGY,10.1093/BEHECO/ARR043,"BEHAVIOURAL BIOLOGY, CENTER FOR LIFE SCIENCES, UNIVERSITY OF GRONINGEN, 9700 CC GRONINGEN, PO BOX 11103, NETHERLANDS"
JIANG Y;BOLNICK DI;KIRKPATRICK M,2013,ASSORTATIVE MATING IN ANIMALS,AMERICAN NATURALIST,10.1086/670160,"SECTION OF INTEGRATIVE BIOLOGY, UNIVERSITY OF TEXAS, AUSTIN, TX 78712, UNITED STATES; HOWARD HUGHES MEDICAL INSTITUTE AND SECTION OF INTEGRATIVE BIOLOGY, UNIVERSITY OF TEXAS, AUSTIN, TX 78712, UNITED STATES"
ZHANG SY;LI D;ZENG JP;WU XF;LIU XP,2016,EFFECT OF MALE MATING HISTORY ON FEMALE REPRODUCTIVE FITNESS IN MOTHS: A META-ANALYSIS,CHINESE JOURNAL OF ECOLOGY,10.13292/J.1000-4890.201602.011,"COLLEGE OF FORESTRY, JIANGXI AGRICULTURAL UNIVERSITY, NANCHANG, 330045, CHINA"
LEE PLM;SHERMAN CDH;ROLLINS LA;WAPSTRA E;PHILLIPS KP,2022,DO FEMALE AMPHIBIANS AND REPTILES HAVE GREATER REPRODUCTIVE OUTPUT IF THEY HAVE MORE MATES?,BEHAVIORAL ECOLOGY AND SOCIOBIOLOGY,10.1007/S00265-022-03194-6,"SCHOOL OF LIFE AND ENVIRONMENTAL SCIENCES, DEAKIN UNIVERSITY, GEELONG, VIC, AUSTRALIA; EVOLUTION & ECOLOGY RESEARCH CENTRE, SCHOOL OF BIOLOGICAL, EARTH AND ENVIRONMENTAL SCIENCES, UNIVERSITY OF NEW SOUTH WALES, SYDNEY, NSW, AUSTRALIA; SCHOOL OF NATURAL SCIENCES, UNIVERSITY OF TASMANIA, HOBART, TAS, AUSTRALIA; SCHOOL OF BIOLOGICAL, EARTH AND ENVIRONMENTAL SCIENCES, UNIVERSITY COLLEGE CORK, CORK, IRELAND"
ORD TJ,2021,"COSTS OF TERRITORIALITY: A REVIEW OF HYPOTHESES, META-ANALYSIS, AND FIELD STUDY",OECOLOGIA,10.1007/S00442-021-05068-6,"EVOLUTION AND ECOLOGY RESEARCH CENTRE, AND SCHOOL OF BIOLOGICAL, EARTH AND ENVIRONMENTAL SCIENCES, UNIVERSITY OF NEW SOUTH WALES, KENSINGTON, NSW, AUSTRALIA"
LOSDAT S;CHANG SM;REID MD;MØLLER AP;PETRIE M,2014,INBREEDING DEPRESSION IN MALE GAMETIC PERFORMANCE SEXUALLY SELECTED TRAITS AND ADULT SURVIVAL: A META-ANALYSIS,JOURNAL OF EVOLUTIONARY BIOLOGY QUARTERLY REVIEW OF BIOLOGY,10.1111/JEB.12403 10.1086/393743,"INSTITUTE OF BIOLOGICAL AND ENVIRONMENTAL SCIENCES, SCHOOL OF BIOLOGICAL SCIENCES, UNIVERSITY OF ABERDEEN, ABERDEEN, UNITED KINGDOM; PLANT BIOLOGY DEPARTMENT, UNIVERSITY OF GEORGIA, ATHENS, GA, UNITED STATES;SMITHSONIAN TROPICAL RES. INSTITUTE, UNIT 0948, APO AA 34002-0948, UNITED STATES"
HOEKSTRA HE;HOEKSTRA JM;BERRIGAN D;VIGNIERI SN;HOANG A;HILL CE;BEERLI P;KINGSOLVER JG,2001,STRENGTH AND TEMPO OF DIRECTIONAL SELECTION IN THE WILD,PROCEEDINGS OF THE NATIONAL ACADEMY OF SCIENCES OF THE UNITED STATES OF AMERICA,10.1073/PNAS.161281098,"DEPARTMENT OF ZOOLOGY, UNIVERSITY OF WASHINGTON, SEATTLE, WA 98195, UNITED STATES; BURKE MUSEUM, UNIVERSITY OF WASHINGTON, SEATTLE, WA 98195, UNITED STATES; DEPARTMENT OF GENETICS, UNIVERSITY OF WASHINGTON, SEATTLE, WA 98195, UNITED STATES; DEPARTMENT OF ECOLOGY AND EVOLUTIONARY BIOLOGY, UNIVERSITY OF ARIZONA, TUCSON, AZ 85721, UNITED STATES; CANCER PREVENTION FELLOWSHIP PROGRAM, ROCKVILLE, MD 20852-7105, UNITED STATES; DEPARTMENT OF BIOLOGY, COASTAL CAROLINA UNIVERSITY, CONWAY, SC 29526, UNITED STATES; DEPARTMENT OF BIOLOGY, UNIVERSITY OF NORTH CAROLINA, CHAPEL HILL, NC 27516, UNITED STATES"
SOKOLOVSKA N;ROWE L;JOHANSSON F,2000,FITNESS AND BODY SIZE IN MATURE ODONATES,ECOLOGICAL ENTOMOLOGY,10.1046/J.1365-2311.2000.00251.X,"DEPARTMENT OF ZOOLOGY, UNIVERSITY OF TORONTO, TORONTO, ONT. M5S 3G5, CANADA; DEPARTMENT OF ANIMAL ECOLOGY, UNIVERSITY OF UMEÅ, 90187 UMEÅ, SWEDEN"
POMIANKOWSKI A;MOLLER AP,1995,A RESOLUTION OF THE LEK PARADOX,PROCEEDINGS OF THE ROYAL SOCIETY B: BIOLOGICAL SCIENCES,10.1098/RSPB.1995.0054,"THE GALTON LABORATORY, DEPARTMENT OF GENETICS AND BIOMETRY, UNIVERSITY COLLEGE LONDON, LONDON NW1 2HE, 4 STEPHENSON WAY, UNITED KINGDOM"
RANDLER C,2008,MATING PATTERNS IN AVIAN HYBRID ZONES - A META-ANALYSIS AND REVIEW,ARDEA,10.5253/078.096.0108,"UNIVERSITY OF LEIPZIG, INSTITUTE OF BIOLOGY I, D-04103 LEIPZIG, JOHANNISALLEE 21-23, GERMANY; UNIVERSITY OF EDUCATION HEIDELBERG, BIOLOGY AND DIDACTICS (ZOOLOGY), D-69120 HEIDELBERG, IM NEUENHEIMER FELD 561, GERMANY"
LEUNG B;FORBES MR,1996,FLUCTUATING ASYMMETRY IN RELATION TO STRESS AND FITNESS: EFFECTS OF TRAIT TYPE AS REVEALED BY META-ANALYSIS,ECOSCIENCE,10.1080/11956860.1996.11682357,"DEPARTMENT OF BIOLOGY, CARLETON UNIVERSITY, OTTAWA, ONT. KLS 5B6, 1125 COLONEL BY DRIVE, CANADA"
EVANS SR;HINKS AE;WILKIN TA;SHELDON BC,2010,"AGE, SEX AND BEAUTY: METHODOLOGICAL DEPENDENCE OF AGE- AND SEX-DICHROMATISM IN THE GREAT TIT PARUS MAJOR",BIOLOGICAL JOURNAL OF THE LINNEAN SOCIETY,10.1111/J.1095-8312.2010.01548.X,"EDWARD GREY INSTITUTE, DEPARTMENT OF ZOOLOGY, UNIVERSITY OF OXFORD, OXFORD OX1 3PS, SOUTH PARKS ROAD, UNITED KINGDOM"
ORD TJ;STAMPS JA,2009,SPECIES IDENTITY CUES IN ANIMAL COMMUNICATION,AMERICAN NATURALIST,10.1086/605372,"MUSEUM OF COMPARATIVE ZOOLOGY AND, DEPARTMENT OF ORGANISMIC AND EVOLUTIONARY BIOLOGY, HARVARD UNIVERSITY, CAMBRIDGE, MA 02138, UNITED STATES; DEPARTMENT OF EVOLUTION AND ECOLOGY, UNIVERSITY OF CALIFORNIA, DAVIS, CALIFORNIA 95616, UNITED STATES"
GARAMSZEGI LZ;TÖRÖK J;HEGYI G;SZÖLLÕSI E;ROSIVALL B;EENS M,2007,"AGE-DEPENDENT EXPRESSION OF SONG IN THE COLLARED FLYCATCHER, FICEDULA ALBICOLLIS",ETHOLOGY,10.1111/J.1439-0310.2007.01337.X,"DEPARTMENT OF BIOLOGY, UNIVERSITY OF ANTWERP, ANTWERP, BELGIUM; DEPARTMENT OF SYSTEMATIC ZOOLOGY AND ECOLOGY, EÖTVÖS LORÁND UNIVERSITY, BUDAPEST, HUNGARY; DEPARTMENT OF BIOLOGY, UNIVERSITY OF ANTWERP, CAMPUS DRIE EIKEN, B-2610 ANTWERP, UNIVERSITEITSPLEIN 1, BELGIUM"
MØLLER AP;NINNI P,1998,SPERM COMPETITION AND SEXUAL SELECTION: A META-ANALYSIS OF PATERNITY STUDIES OF BIRDS,BEHAVIORAL ECOLOGY AND SOCIOBIOLOGY,10.1007/S002650050501,"LABORATOIRE D'ECOLOGIE, CNRS URA 258, UNIV. PIERRE ET MARIE CURIE, F-75252 PARIS CEDEX 05, 7 QUAI ST. BERNARD, CASE 237, FRANCE"
WEIR LK;GRANT JWA;HUTCHINGS JA,2011,THE INFLUENCE OF OPERATIONAL SEX RATIO ON THE INTENSITY OF COMPETITION FOR MATES,AMERICAN NATURALIST,10.1086/657918,"DEPARTMENT OF BIOLOGICAL SCIENCES, SIMON FRASER UNIVERSITY, BURNABY, BC V5A 1S6, CANADA; DEPARTMENT OF BIOLOGY, CONCORDIA UNIVERSITY, MONTRÉAL, QC H4B 1R6, CANADA; DEPARTMENT OF BIOLOGY, DALHOUSIE UNIVERSITY, HALIFAX, NS B3H 4J1, CANADA"
BAILEY WJ;HAMMOND TJ,2003,DUETTING IN INSECTS - DOES CALL LENGTH INFLUENCE REPLY LATENCY?,JOURNAL OF ZOOLOGY,10.1017/S0952836903003728,"DEPARTMENT OF ZOOLOGY, UNIVERSITY OF WESTERN AUSTRALIA, NEDLANDS, WA 6009, AUSTRALIA"
FLORIN AB;ÖDEEN A,2002,LABORATORY ENVIRONMENTS ARE NOT CONDUCIVE FOR ALLOPATRIC SPECIATION,JOURNAL OF EVOLUTIONARY BIOLOGY,10.1046/J.1420-9101.2002.00356.X,"DEPARTMENT OF ANIMAL ECOLOGY, EVOLUTIONARY BIOLOGY CENTRE, UPPSALA UNIVERSITY, UPPSALA, SWEDEN; DEPARTMENT OF ANIMAL ECOLOGY, EVOLUTIONARY BIOLOGY CENTRE, UPPSALA UNIVERSITY, SE-752 36 UPPSALA, NORBYVÄGEN 18 D, SWEDEN"
TORRES-VILA LM;RODRÍGUEZ-MOLINA MC;JENNIONS MD,2004,POLYANDRY AND FECUNDITY IN THE LEPIDOPTERA: CAN METHODOLOGICAL AND CONCEPTUAL APPROACHES BIAS OUTCOMES?,BEHAVIORAL ECOLOGY AND SOCIOBIOLOGY,10.1007/S00265-003-0712-2,"SERVICIO DE SANIDAD VEGETAL, CONSEJERIA AGRIC. Y MEDIO AMBIENTE, 06800 MÉRIDA, BADAJOZ, AVDA. DE PORTUGAL S/N, SPAIN; SERV. DE INVEST. Y DESARROLLO TECN., CONSEJERIA AGRIC. Y MEDIO AMBIENTE, 06800 MÉRIDA, BADAJOZ, AVDA. DE PORTUGAL S/N, SPAIN; SCHOOL OF BOTANY AND ZOOLOGY, AUSTRALIAN NATIONAL UNIVERSITY, CANBERRA, ACT 0200, AUSTRALIA"
PARKER TH;BARR IR;GRIFFITH SC,2006,THE BLUE TIT'S SONG IS AN INCONSISTENT SIGNAL OF MALE CONDITION,BEHAVIORAL ECOLOGY,10.1093/BEHECO/ARL041,"EDWARD GREY INSTITUTE OF FIELD ORNITHOLOGY, DEPARTMENT OF ZOOLOGY, UNIVERSITY OF OXFORD, OXFORD OX1 3PS, SOUTH PARKS ROAD, UNITED KINGDOM; DIVISION OF BIOLOGY, ACKERT HALL, KANSAS STATE UNIVERSITY, MANHATTAN, KS 66506, UNITED STATES; DEPARTMENT OF ANIMAL AND PLANT SCIENCES, UNIVERSITY OF SHEFFIELD, SHEFFIELD S10 2TN, UNITED KINGDOM; SCHOOL OF BIOLOGICAL SCIENCES, UNIVERSITY OF EAST ANGLIA, NORWICH NR4 7TJ, UNITED KINGDOM; SCHOOL OF BIOLOGICAL, EARTH, AND ENVIRONMENTAL SCIENCES, UNIVERSITY OF NEW SOUTH WALES, SYDNEY, NSW 2052, AUSTRALIA; DEPARTMENT OF BIOLOGY, WHITMAN COLLEGE, WALLA WALLA, WA 99362, 345 BOYER AVE, UNITED STATES"
ARNQVIST G;KIRKPATRICK M,2005,THE EVOLUTION OF INFIDELITY IN SOCIALLY MONOGAMOUS PASSERINES: THE STRENGTH OF DIRECT AND INDIRECT SELECTION ON EXTRAPAIR COPULATION BEHAVIOR IN FEMALES,AMERICAN NATURALIST,10.1086/429350,"DEPARTMENT OF ECOLOGY AND EVOLUTION, EVOLUTIONARY BIOLOGY CENTRE, UNIVERSITY OF UPPSALA, SE-752 36 UPPSALA, NORBYVÄGEN 18D, SWEDEN; SECT. OF INTEGRATIVE BIOLOGY C-0930, UNIVERSITY OF TEXAS, AUSTIN, TX 78712, UNITED STATES"
GRIFFITH SC;PARKER TH;OLSON VA,2006,MELANIN- VERSUS CAROTENOID-BASED SEXUAL SIGNALS: IS THE DIFFERENCE REALLY SO BLACK AND RED?,ANIMAL BEHAVIOUR,10.1016/J.ANBEHAV.2005.07.016,"SCHOOL OF BIOLOGICAL, EARTH AND ENVIRONMENTAL SCIENCES, UNIVERSITY OF NEW SOUTH WALES, AUSTRALIA; DIVISION OF BIOLOGY, KANSAS STATE UNIVERSITY, UNITED STATES; INSTITUTE OF ZOOLOGY, ZOOLOGICAL SOCIETY OF LONDON, UNITED KINGDOM; SCHOOL OF BIOLOGICAL, EARTH AND ENVIRONMENTAL SCIENCES, UNIVERSITY OF NEW SOUTH WALES, SYDNEY, NSW 2052, AUSTRALIA; DIVISION OF BIOLOGY, KANSAS STATE UNIVERSITY, MANHATTAN, KS 66506, UNITED STATES; INSTITUTE OF ZOOLOGY, ZOOLOGICAL SOCIETY OF LONDON, LONDON NW1 4RY, REGENT'S PARK, UNITED KINGDOM"
MØLLER AP;CHRISTE P;LUX E,1999,"PARASITISM, HOST IMMUNE FUNCTION, AND SEXUAL SELECTION",QUARTERLY REVIEW OF BIOLOGY,10.1086/392949,"LABORATOIRE D'ECOLOGIE, CNRS URA 258, UNIV. PIERRE ET MARIE CURIE, F-75252 PARIS CEDEX 05, 7 QUAI ST. BERNARD, CASE 237, FRANCE; INSTITUT D'ECOLOGIE, BÂTIMENT DE BIOLOGIE, CH-1015 LAUSANNE, SWITZERLAND"
ARNQVIST G;ROWE L;KRUPA JJ;SIH A,1996,ASSORTATIVE MATING BY SIZE: A META-ANALYSIS OF MATING PATTERNS IN WATER STRIDERS,EVOLUTIONARY ECOLOGY,10.1007/BF01237684,"DEPARTMENT OF BIOLOGY, CASTETTER HALL, UNIVERSITY OF NEW MEXICO, ALBUQUERQUE, NM 87131-1091, UNITED STATES; DEPARTMENT OF ZOOLOGY, UNIVERSITY OF TORONTO, TORONTO, ONT. M5S 1A1, CANADA; CENTER FOR EVOLUTIONARY ECOLOGY, SCHOOL OF BIOLOGICAL SCIENCES, UNIVERSITY OF KENTUCKY, LEXINGTON, KY 40506-0225, UNITED STATES; DEPARTMENT OF ANIMAL ECOLOGY, UNIVERSITY OF UMEÅ, S-901 87 UMEÅ, SWEDEN"
BERNASCONI G;HELLRIEGEL B,2005,FERTILIZATION COMPETENCE AND SPERM SIZE VARIATION IN SPERM-HETEROMORPHIC INSECTS,EVOLUTIONARY ECOLOGY,10.1007/S10682-004-7594-2,"INSTITUTE OF ENVIRONMENTAL SCIENCES, UNIVERSITY OF ZURICH, SWITZERLAND; DEPARTMENT OF ECOLOGY AND EVOLUTION, UNIVERSITY OF LAUSANNE, SWITZERLAND; INSTITUTE FOR APPLIED MATHEMATICS, UNIVERSITY OF BONN, GERMANY; INSTITUTE FOR ADVANCED STUDY, 14193 BERLIN, WALLOTSTRASSE 19, GERMANY"
GARAMSZEGI LZ;EENS M,2004,BRAIN SPACE FOR A LEARNED TASK: STRONG INTRASPECIFIC EVIDENCE FOR NEURAL CORRELATES OF SINGING BEHAVIOR IN SONGBIRDS,BRAIN RESEARCH REVIEWS,10.1016/J.BRAINRESREV.2003.12.001,"DEPARTMENT OF BIOLOGY, UNIVERSITY OF ANTWERP, B-2610, WILRIJK, UNIVERSITEITSPLEIN 1, BELGIUM"
THORNHILL R;MØLLER AP,1998,THE RELATIVE IMPORTANCE OF SIZE AND ASYMMETRY IN SEXUAL SELECTION,BEHAVIORAL ECOLOGY,10.1093/BEHECO/9.6.546,"DEPARTMENT OF BIOLOGY, UNIVERSITY OF NEW MEXICO, ALBUQUERQUE, NM 87131-1091, UNITED STATES; LABORATOIRE D'ECOLOGIE, CNRS URA 258, UNIV. PIERRE ET MARIE CURIE, F-75252 PARIS CEDEX 05, 7 QUAI ST. BERNARD, CASE 237, FRANCE"
ARNQVIST G;NILSSON T,2000,THE EVOLUTION OF POLYANDRY: MULTIPLE MATING AND FEMALE FITNESS IN INSECTS,ANIMAL BEHAVIOUR,10.1006/ANBE.2000.1446,"ANIMAL ECOLOGY, DEPARTMENT OF ECOLOGY AND ENVIRONMENTAL SCIENCE, UNIVERSITY OF UMEÅ, SWEDEN"
HAYWARD A;GILLOOLY JF,2011,THE COST OF SEX: QUANTIFYING ENERGETIC INVESTMENT IN GAMETE PRODUCTION BY MALES AND FEMALES,PLOS ONE,10.1371/JOURNAL.PONE.0016557,"DEPARTMENT OF BIOLOGY, UNIVERSITY OF FLORIDA, GAINESVILLE, FL, UNITED STATES"
GARAMSZEGI LZ,2005,BIRD SONG AND PARASITES,BEHAVIORAL ECOLOGY AND SOCIOBIOLOGY,10.1007/S00265-005-0041-8,"DEPARTMENT OF BIOLOGY, UNIVERSITY OF ANTWERP CAMPUS DRIE, B-2610 WILRIJK, EIKEN UNIVERSITEITSPLEIN 1, BELGIUM"
PARKER TH;LIGON JD,2003,FEMALE MATING PREFERENCES IN RED JUNGLEFOWL: A META-ANALYSIS,ETHOLOGY ECOLOGY AND EVOLUTION,10.1080/08927014.2003.9522691,"DEPARTMENT OF BIOLOGY, UNIVERSITY OF NEW MEXICO, ALBUQUERQUE, NM, 87131, UNITED STATES"
MØLLER AP;ALATALO RV,1999,GOOD-GENES EFFECTS IN SEXUAL SELECTION,PROCEEDINGS OF THE ROYAL SOCIETY B: BIOLOGICAL SCIENCES,10.1098/RSPB.1999.0607,"LABORATOIRE D'ECOLOGIE, CNRS URA 258, UNIV. PIERRE ET MARIE CURIE, PARIS CEDEX 05, 7EME ET., 7 QUAI ST BERNARD, C. 237, FRANCE; DEPT. OF BIOL. AND ENVIRON. SCIENCE, UNIVERSITY OF JYVÄSKYLÄ, FIN-40351 JYVÄSKYLÄ, PO BOX 35, FINLAND"
TORRES-VILA LM;JENNIONS MD,2005,MALE MATING HISTORY AND FEMALE FECUNDITY IN THE LEPIDOPTERA: DO MALE VIRGINS MAKE BETTER PARTNERS?,BEHAVIORAL ECOLOGY AND SOCIOBIOLOGY,10.1007/S00265-004-0857-7,"SERV. SANID. VEG., CONSEJERIA A., 06800 MÉRIDA BADAJOZ, AVDA. DE PORTUGAL S/N, SPAIN; SCHOOL OF BOTANY AND ZOOLOGY, AUSTRALIAN NATIONAL UNIVERSITY, CANBERRA, ACT 0200, AUSTRALIA"
YASUKAWA K;ENSTROM DA;PARKER PG;JONES TC,2010,MALE RED-WINGED BLACKBIRDS WITH EXPERIMENTALLY DULLED EPAULETS EXPERIENCE NO DISADVANTAGE IN SEXUAL SELECTION,JOURNAL OF FIELD ORNITHOLOGY,10.1111/J.1557-9263.2009.00258.X,"DEPARTMENT OF BIOLOGY, BELOIT COLLEGE, BELOIT, WISCONSIN 53511, UNITED STATES; ILLINOIS NATURAL HISTORY SURVEY, UNIVERSITY OF ILLINOIS, CHAMPAIGN, ILLINOIS 61820, UNITED STATES; DEPARTMENT OF ZOOLOGY, THE OHIO STATE UNIVERSITY, COLUMBUS, OHIO 43210, UNITED STATES; DEPARTMENT OF BIOLOGY, UNIVERSITY OF MISSOURI ST, LOUIS, ST. LOUIS, MISSOURI 63121, UNITED STATES; DEPARTMENT OF BIOLOGICAL SCIENCES, EAST TENNESSEE STATE UNIVERSITY, JOHNSON CITY, TENNESSEE 37614, UNITED STATES"
JOLY D;SCHIFFER M,2010,COEVOLUTION OF MALE AND FEMALE REPRODUCTIVE STRUCTURES IN DROSOPHILA,GENETICA,10.1007/S10709-009-9392-9,"LABORATOIRE EVOLUTION, GÉNOMES ET SPÉCIATION, CNRS, UPR 9034, 91405 ORSAY CEDEX, BÂT 13, AVENUE DE LA TERRASSE, 91 198 GIF-SUR-YVETTE, FRANCE"
HAMILTON WJ;POULIN R,1997,THE HAMILTON AND ZUK HYPOTHESIS REVISITED: A META-ANALYTICAL APPROACH,BEHAVIOUR,10.1163/156853997X00485,"DEPARTMENT OF ZOOLOGY, UNIVERSITY OF OTAGO, DUNEDIN, P.O. BOX 56, NEW ZEALAND"
GONTARD-DANEK MC;MØLLER AP,1999,THE STRENGTH OF SEXUAL SELECTION: A METAANALYSIS OF BIRD STUDIES,BEHAVIORAL ECOLOGY,10.1093/BEHECO/10.5.476,"LABORATOIRE D'ECOLOGIE, CNRS URA 258, UNIVERSITÉ PIERRE ET MARIE CURIE, BÂT. A, F-75252 PARIS CEDEX 5, 7ÈME ÉTAGE, FRANCE"
MØLLER AP;THORNHILL R,1998,BILATERAL SYMMETRY AND SEXUAL SELECTION: A META-ANALYSIS,AMERICAN NATURALIST,10.1086/286110,"LABORATOIRE D'ECOLOGIE, CNRS URA 258, BÂT. A, F-75252 PARIS CEDEX 5, 7 QUAI ST. BERNARD, CASE 237, FRANCE; DEPARTMENT OF BIOLOGY, UNIVERSITY OF NEW MEXICO, ALBUQUERQUE, NM 87131-1091, UNITED STATES"
SOMA M;GARAMSZEGI LZ,2011,RETHINKING BIRDSONG EVOLUTION: META-ANALYSIS OF THE RELATIONSHIP BETWEEN SONG COMPLEXITY AND REPRODUCTIVE SUCCESS,BEHAVIORAL ECOLOGY,10.1093/BEHECO/ARQ219,"LABORATORY FOR ANIMAL BEHAVIOR AND INTELLIGENCE, DEPARTMENT OF BIOLOGY, HOKKAIDO UNIVERSITY, KITA-KU, SAPPORO, HOKKAIDO, 060-0810, JAPAN; DEPARTMENT OF EVOLUTIONARY ECOLOGY, ESTACION BIOLOGICA DE DONANA-CSIC, 41092, SEVILLE, C/AMERICO VESPUCIO, S/N, SPAIN"
KELLY CD,2008,"THE INTERRELATIONSHIPS BETWEEN RESOURCE-HOLDING POTENTIAL, RESOURCE-VALUE AND REPRODUCTIVE SUCCESS IN TERRITORIAL MALES: HOW MUCH VARIATION CAN WE EXPLAIN?",BEHAVIORAL ECOLOGY AND SOCIOBIOLOGY,10.1007/S00265-007-0518-8,"DEPARTMENT OF BIOLOGY, UNIVERSITY OF TORONTO AT MISSISSAUGA, MISSISSAUGA, ON, CANADA; SCHOOL OF BOTANY AND ZOOLOGY, AUSTRALIAN NATIONAL UNIVERSITY, CANBERRA, ACT, AUSTRALIA; DEPARTMENT OF PSYCHOLOGY, DALHOUSIE UNIVERSITY, HALIFAX, NS, CANADA"
DUBOIS F;CÉZILLY F,2002,BREEDING SUCCESS AND MATE RETENTION IN BIRDS: A META-ANALYSIS,BEHAVIORAL ECOLOGY AND SOCIOBIOLOGY,10.1007/S00265-002-0521-Z,"EQUIPE ECOLOGIE EVOLUTIVE, UMR CNRS 5561 BIOGÉOSCIENCES, UNIVERSITÉ DE BOURGOGNE, 21000 DIJON, 6 BLVD. GABRIEL, FRANCE; DEPARTEMENT DES SCI. BIOLOGIQUES, UQÀM, SUCCURSALE CENTRE VILLE, MONTRÉAL, QUE. H3C 3P8, CASE POSTALE 8888, CANADA"
BONCORAGLIO G;SAINO N,2007,HABITAT STRUCTURE AND THE EVOLUTION OF BIRD SONG: A META-ANALYSIS OF THE EVIDENCE FOR THE ACOUSTIC ADAPTATION HYPOTHESIS,FUNCTIONAL ECOLOGY,10.1111/J.1365-2435.2006.01207.X,"DIPARTIMENTO DI BIOLOGIA, UNIVERSITÀ DI MILANO, I-20133 MILANO, VIA CELORIA 26, ITALY"
SIMMONS LW,2005,"THE EVOLUTION OF POLYANDRY: SPERM COMPETITION, SPERM SELECTION, AND OFFSPRING VIABILITY","ANNUAL REVIEW OF ECOLOGY, EVOLUTION, AND SYSTEMATICS",10.1146/ANNUREV.ECOLSYS.36.102403.112501,"EVOLUTIONARY BIOLOGY RESEARCH GROUP, SCHOOL OF ANIMAL BIOLOGY, UNIVERSITY OF WESTERN AUSTRALIA, NEDLANDS, WA 6009, AUSTRALIA"
MØLLER A;JENNIONS M,2001,HOW IMPORTANT ARE DIRECT FITNESS BENEFITS OF SEXUAL SELECTION?,NATURWISSENSCHAFTEN,10.1007/S001140100255,"LABORATOIRE D'ECOLOGIE EVOLUTIVE PARASITAIRE, CNRS FRE 2365, BÂT. A, 7ÈME ÉTAGE, 75252 PARIS CEDEX 5, 7 QUAI ST. BERNARD, CASE 237, FRANCE; DIVISION OF BOTANY AND ZOOLOGY, AUSTRALIAN NATIONAL UNIVERSITY, CANBERRA, ACT 0200, AUSTRALIA"
FISKE P;RINTAMÄKI PT;KARVONEN E,1998,MATING SUCCESS IN LEKKING MALES: A META-ANALYSIS,BEHAVIORAL ECOLOGY,10.1093/BEHECO/9.4.328,"DEPARTMENT OF ZOOLOGY, UPPSALA UNIVERSITY, S-752 36 UPPSALA, VILLAVÄGEN 9, SWEDEN; DEPARTMENT OF ZOOLOGY, NORWEGIAN UNIV. OF SCI. AND TECHNOL., N-7055 DRAGVOLL, NORWAY"
NAKAGAWA S;OCKENDON N;GILLESPIE DOS;HATCHWELL BJ;BURKE T,2007,ASSESSING THE FUNCTION OF HOUSE SPARROWS' BIB SIZE USING A FLEXIBLE META-ANALYSIS METHOD,BEHAVIORAL ECOLOGY,10.1093/BEHECO/ARM050,"DEPARTMENT OF ANIMAL AND PLANT SCIENCES, UNIVERSITY OF SHEFFIELD, SHEFFIELD S10 2TN, UNITED KINGDOM"
ALBRECHT T;KREISINGER J;PIÁLEK J,2006,THE STRENGTH OF DIRECT SELECTION AGAINST FEMALE PROMISCUITY IS ASSOCIATED WITH RATES OF EXTRAPAIR FERTILIZATIONS IN SOCIALLY MONOGAMOUS SONGBIRDS,AMERICAN NATURALIST,10.1086/502633,"INSTITUTE OF VERTEBRATE BIOLOGY, ACADEMY OF SCIENCES OF THE CZECH REPUBLIC, CZ-675 02 STUDENEC 122, CZECH REPUBLIC; DEPARTMENT OF ZOOLOGY, BIODIVERSITY RESEARCH GROUP, CHARLES UNIVERSITY IN PRAGUE, CZ-128 44 PRAHA 2, VINIČNÁ 7, CZECH REPUBLIC; DEPARTMENT OF ECOLOGY, CHARLES UNIVERSITY IN PRAGUE, CZ-128 44 PRAHA 2, VINIČNÁ 7, CZECH REPUBLIC"
GARAMSZEGI LZ;MØLLER AP,2004,EXTRAPAIR PATERNITY AND THE EVOLUTION OF BIRD SONG,BEHAVIORAL ECOLOGY,10.1093/BEHECO/ARH041,"DEPARTMENT OF BIOLOGY, UNIVERSITY OF ANTWERP, B-2610 WILRIJK, UNIVERSITEITSPLEIN 1, BELGIUM; LAB. DE PARASITOLOGIE EVOLUTIVE, CNRS UMR 7103, BÂT. A, F-75252 PARIS CEDEX 05, 7 QUAI ST. BERNARD, CASE 237, FRANCE"
AKÇAY E;ROUGHGARDEN J,2007,EXTRA-PAIR PATERNITY IN BIRDS: REVIEW OF THE GENETIC BENEFITS,EVOLUTIONARY ECOLOGY RESEARCH,NA,"DEPARTMENT OF BIOLOGICAL SCIENCES, STANFORD UNIVERSITY, 371 SERRA MALL, STANFORD, CA 94305, UNITED STATES"
ALISSA L.,2018,EFFECT OF REPRODUCTIVE SITE LIMITATION ON THE INTENSITY OF SEXUAL SELECTION AND THE QUALITY OF PATERNAL CARE: A META-ANALYSIS,THESIS,10.11606/D.41.2018.TDE-23102018-090541,"UNIVERSITY OF SAO PAULO, SAO PAULO, BRAZIL"
AGUIAR DEL MATTO,2018,SPERM COMPETITION GAMES BETWEEN MAJORS AND MINORS: A META-REGRESSION OF FISHES WITH ALTERNATIVE MATING TACTICS,THESIS,10.11606/D.41.2018.TDE-20092018-145433,"UNIVERSITY OF SAO PAULO, SAO PAULO, BRAZIL"
MACEDO-REGO R.; JENNIONS M.D.; SANTOS E.S.A.,2020,POST-MATING EPISODES OF SEXUAL SELECTION ARE UBIQUITOUS IN ANIMAL 220 SPECIES AND THE WAY WE MEASURE MATING SUCCESS MATTERS: A META-ANALYSIS,THESIS,10.11606/T.41.2020.TDE-30112020-101600,"UNIVERSITY OF SAO PAULO, SAO PAULO, BRAZIL; THE AUSTRALIAN NATIONAL UNIVERSITY, CANBERRA, AUSTRALIA; UNIVERSITY OF SAO PAULO, SAO PAULO, BRAZIL"
MACEDO-REGO R.; JENNIONS M.D.; SANTOS E.S.A.,2020,FEMALES ARE NOT MONOPOLIZED BY MALES: A META-ANALYSIS CONTRASTING MATING SYSTEMS IN NON-HUMAN ANIMALS,THESIS,10.11606/T.41.2020.TDE-30112020-101600,"UNIVERSITY OF SAO PAULO, SAO PAULO, BRAZIL; THE AUSTRALIAN NATIONAL UNIVERSITY, CANBERRA, AUSTRALIA; UNIVERSITY OF SAO PAULO, SAO PAULO, BRAZIL"
MACEDO-REGO R.; JENNIONS M.D.; SANTOS E.S.A.,2020,"LARGER FEMALES AND LARGER MALES PRODUCE MORE OFFSPRING, REGARDLESS OF THE SOCIAL MATING SYSTEM: A META-ANALYSES ON ANIMALS",THESIS,10.11606/T.41.2020.TDE-30112020-101600,"UNIVERSITY OF SAO PAULO, SAO PAULO, BRAZIL; THE AUSTRALIAN NATIONAL UNIVERSITY, CANBERRA, AUSTRALIA; UNIVERSITY OF SAO PAULO, SAO PAULO, BRAZIL"
MARMOL S.,2022,IMPACTO DE LOS CONTAMINANTES EN LA CALIDAD ESPERMTICA DE LOS PECES: REVISIN LITERARIA Y META-ANLISIS,THESIS,NA,"BENEMERITA UNIVERSIDAD AUTONOMA DE PUEBLA, PUEBLA, MEXICO"
DOUGHERTY L.R.,2023,THE EFFECT OF INDIVIDUAL STATE ON THE STRENGTH OF MATE CHOICE IN FEMALES AND MALES,BEHAVIOURAL ECOLOGY,10.1093/BEHECO/ARAC100,"UNIVERSITY OF LIVERPOOL, LIVERPOOL, UNITED KINGDOM"
GOMEZ-LLANO M.; FARIA G.S.; GARCÍA-ROA R.; NOBLE D.W.A.; CARAZO P.,2023,"MALE HARM SUPPRESSES FEMALE FITNESS, AFFECTING THE DYNAMICS OF ADAPTATION AND EVOLUTIONARY RESCUE",EVOLUTION LETTERS,10.1093/EVLETT/QRAC002,"UNIVERSITY OF ARKANSAS, FAYETTEVILLE, UNITED STATES; UNIVERSITY OF EAST ANGLIA, NORWICH, UNITED KINGDOM; UNIVERSITY OF VALENCIA, VALENCIA, SPAIN; THE AUSTRALIAN NATIONAL UNIVERSITY, CANBERRA, AUSTRALIA"
RICHARDSON J.; ZUK M.,2023,UNLIKE A VIRGIN: A META-ANALYTICAL REVIEW OF FEMALE MATING STATUS IN STUDIES OF FEMALE MATE CHOICE,BEHAVIOURAL ECOLOGY,10.1093/BEHECO/ARAC091,"UNIVERSITY OF MINNESOTA, SAINT PAUL, UNITED STATES"
